age,job,marital,education,default,balance,housing,loan,contact,day_of_week,month,duration,campaign,pdays,previous,poutcome,y
v3_,=nagemnt,marrie!d,,nno,5u3+,yes,,cefluGar1,0`),nHo,72,8&,-#1,Aw,,`dn
35,self-mployed,MmIarried,seco+ndary,o,52+\,NIesG,M,cellular,Tvq,nov,+0,4D,E>,0cW,,
,maQna2gmeRnXt,6mrrd,Esecondary,ar,j,yeUms,ny,,13,mamE,}309,F,mf1,y,,l
!),,#married,secondary,{c,RX2,ye;L,54,e.laA,2vr,/y?^4,N,,-1,&60,,qnoE
,tech}cwaA,"ar""rie&d+",econdary,,+?:0,,q,Wcelkular,,apr,3Pw,{,^7YU,9q:+2,fai?z{lre,o
24,stFudeLt,,sco$ry`,no,ao,ys,,oLleyhone,V,a,.3t,2,A8,0H,,M
j8m.,management,marrie,,-n,yP50N,ra,u,cllRu-ar,20,,),,r1,?0t,,n
49F,e:ntrerrneuB,marte`,primary,~nn@,100j2{,n2,,ellula,S,"a6L,5g",}9p,,/-:,WF,,(oE
A lh,teX^_ni_cian,arri;ed,seaonaryY,no,29o,#o,?no,"cel"",ur",:N.,mfar,49N9,,E-1,;,,es
"5,""",anag*ement,married,terija,no,6pJ,no,,cellular,l28,,X27,,-1,V,,a0
5/,neR8loyed,>arr-)ud,eriCa*ry,_,1o49-,D,}no,cellul(`,?5,my,111,,bD?,,,nho
|,bl(ue-olar,aR^rMied,secondary,n.,,Go.,po,cellulaS(r,f14q=_,Kju6$,,C,-a1j,Y[,,nohw
?,,sig`/`,trtia`ry,*,#,+@y?,n,cNL`el]lular,i0,?.M,19,~m,,,,no
#,^maatment,arried,priptry,nuo,g74,,po,,c|,[,",3\",;}2,-1,)G,,o
45,=lue^cwo{llar,marlied,*piIra6y,5nCo,YHN5,yeE,`j,eDllr,W,Wjul,`1,,,~,,O
-?,,m9rrie5,primary,Cno{.,U0,GoD,.,,`h,K_On,,r,-1<,,,no
5\,te5g7hnic)ian,9aXred,secondary, o,1~04,9Qes,Bes,,47,ay,`9S,,K,,,D
9},ma&aNe-cent,married,tertia]yb:,,"1""",,n;,DcelulIqa,8,,6)u,,9$1T,,,i~X
-,bue-cxll/ar,",YFarrMid",ijary,8,n532,ye,",n>",;el#lulart,,jw-,,D,V,m,,Z5
/)44,bdue-c+llar,amar]ie:,limary,",e",$,q@y^,,e:l%laMr,Q,my,W,1,-1,qv:,,7n
[,temchnician,married,&tertGiary,, 2(,n,Ho,0cellula,<,m%s:t,r5,"P""",},N,,n
>,tehnician:,divorce,se+cndary,,414,yesK,Zs,,p,xAnu,^81,,,0,,n
,self-employed,"mcarr,ied","Ot""Z%tiary",n,!,Mes,no,ceQl:lar,jw,ZH8,q5J,4,1[,,,c=
YmV0,blFuw-coll9r,mgarrieJd,priBma/`y,o#,5KX4,sK,3I,,27,jag,V9,,KH,NeV,,nmo
,serices,arred,,q[,,nh@\,w6,,21F,m7yf,>,1,"""-",,,
,retired,fmarrhed,,no,q38,'n8,l<,cellular,|7,sIyp,,,{2,,,n1
C]8,xanagement,married,&tertiary,no,3228,eo,,elul},,a;g,,2,-k1,4;L,,noj
35,bluey-col]ar,marrrzd,secondary,@,=w_0,UsY,no,teleph_Fe,,,,+f,272,9,,j{p
3z,blue-colzlar,mtrried,secondary,dO,r3,w!5,[=es,ellu{1r,"l1""6",,326J,2,gTJ13,|Im,,b{
Ln,sevlces,,seDondary,no,562@X,ye, e,,28,m2T,8aX,{,,0,,","
5,tGeVhnilcia'n,6dvo[cd,tegptiry,,p,8s,l,celllar,nR,,)4w,8,u%|1,,,
qyiBw,teni4cian,sinle,tertiary,SZ/4+,LH6m7,nfn,"o""",cellvla,K,,8<665KL,2,f-1,qN01n,,T?
2,t#6eAcnicin,mwiEed,teco dZy,Q}>o,-413,0ysY,8,,1c,ugV,1=ec00,,z|Pq0,,,p
Z,"managGmen"")",B&}nglR,tMiry,,3^6C2,,,ce~ula,=BA,juo,k7R,0,C,F4(,,e
3,amin.,m(irid,tertiary,,v1dW8,Go,n+o,"celluna5""r",R,5 &t,,L<,v,,failure,O
p@,bluP-cllar,mar{Wied,usecIdy,=,x,yes,no?,czellu:Far,,sul,C1830,t,i,lh,,GG0
43,services,sXigle,ertiary,,,@o,oW,ce6luular,D,ay,323j,S,Z,5/V,,n>[
OS3Y,9dird,dCi<v/orcJd,primary,a,1>9m8,o,,telephone,,mr,18Q1,,p@z,UQ,,yes
3/},Jlu-Ocllar{,bsi;nl,seTondary,noC,N-*#,ys,.,cYxellular2,E#2,Hfeb,;D,,26@7,,uailure,7
3Ia,managhPemen,marrid,tertiay,co1,3047,o},no,cl_ula#,30,a,3?17k,1,1g<,,oher,"tems"""
3E1,Fdmn.,rsingle,tertiary,n(G,3m3,ye,no,cel9%ul.,C,jjl,3O9,,+&,",",,+Gpj
6:0,dminC/,)arrie#,secondary,%,1>2D21e,Ues,no,,g,may,(56,@,-,<J,,nn
~+24,s+ervT?re@,PsiHngle,3swwFco!dary,o,hJ,yes,o,c:llua,3S{,bj,211,,337,,2the4r,n=T;Z
,,married,seco[n*a/,,&8]544,,|n,,,m0y,4#2,&,,6o,,I)no
z,Ketired,sin&le,seCcond[d-5,n,5d,yes,,,2U7,,1p63,5p,-1,y,,yes
47,se!lf-employe,dio_rcd,scondary,<xWo,c1,yeW,,,20,no'v,4?,7,][,",",other,jZo
<j,maa|ent,,prays,,1727,P)vn,n<o,tejrleWhon;De,On,"ma""4h",55Yg,.n,5n,,falur,P.js
,techiciaJm,marrie,secndary,,,,o,celll@ar,1I,,, ~,{,,pailuxe,n~
43,techniian,mrpried-e,ecnd&ry,>n7ov,P1#m\,esJ,n`o|,,5,ma>y,1'1,,-1,,,lL
27+,stud;nz,Higle,,z,538C,`n*,`f,~Ql\luUar4,zs,j{n,s,,,Kd,,sUs
30,admn.,single,secondarSy,i,818},iy$ss,Jesa,,>g,,6?!,,'Z_,$,fa/iDlunr5e,n+$
),aD^agement,married,seconda*rV,>Zn(k,?294,n*Q],HL,cel4ua^r,=,aSp`,4!183,24X,|-1,F,,?+R
dB 3,housmaid,marrKF5d,seco~dar\,o,#51.10,,oI,Scel3tllu\lar,22,jul,b4v,,^O,r,,
H27,blue-ollar,married,prima<Dy,,,vj,,,18E,aug,Z11`1,2408,`,,,n:
^,blue2~col>ar,skingle,secone]y,,,&q,|n;,,1WF{,pmay,6+,,-130,M<,,d9
2T!!,admin.`,rsAngl,secondary,N`,@,mW;x,no,,3,"!V""",269-p,,/-1m,nF,,Wov
"5$""",bledcolar,0aid,pD%imry,,rp,t/yes,,cellar,1HW,E,t,T ,,,,(
(,bJ<e!-colla',marrie~L,secondr,],,yesT,)bno,cellOular,,\u:l,G,,~,W0,,npV
y,managemenuc,singl,"t5er,t ary",Vo,\M3y7,no,,,21},y_,112d,X3,-1,,,n}
/9g,,Vingle,seconary,o@,(,V$,Hn,, ,u:,,,-1+,,,n^
33,se4Bvice,,cndar8,z!,0A8],/2yes,geJ%,\ellular,f,may ,17c,<,#,Q,,^do
27,@tudent,,8erMiary,/o,2tT,yhes,o@,cesllulaA,A,eb,344,y,-i13,V,,n
?K,admi6P,ma-rieFd,tt%rtiry,,tT8>5,es,[0,,M,m>ay,"34z,O",M,t-1,T,,n
},srvie,,seYnd2y9,no,,yYs,}%,,,mZ&,1!3,GM,_-1y,iv,,nFo=
V[2,technician,m&rruId,Dt!rtiary,,1jP10(,o,yes,ellular,Yz,aIQeg,,u,-C,,,C
J5+),mH[nagemet,sisgle,W-?)iaury,,62,_es,,7l8luar,,^pbr,,h,$-,=,,
,mhanement,ErrieU,,no,0v,s,xno,^eluqar,,ar,"""A2P4",;}C,9n,N,,yes
,stuz0Xden,singZ,,:,%,yeus,no,,,2may,O5,X,!1,V%%w,,Mo
5,maYnge3ment,mrrd,reNrfiary,a,-~4,no!,ncF,celunr,?fm,:+u@,,2k,^-],0,,
4,techic]n,divorced,,o,44<2,Ey,,,,my,SD3,u,:1,P3,,W
W3,technicpn,,\ecn8daNy,W|,k2d9-,B,zGo,cell^lar,,au$g,1E,@,-m,Bx,,no
3f5,"blue-llp""r",mOarried,%secon%mdxry,no,e4731,yes<,no,,,,2^49,+,'Ol,0,,
?,blu`-Rcola:r,ri ,eary,,j,yesA$,Ko,cell]ar,,mVy,EySK871,2,(,0L,,/ZR
S4Q,blue-9collar,"marrie*d,",pimaA2+,Lo,7d,n,n*,cellar,:T,,,Cl,DX,?:,,~o
3H4,techn1ncian,rdivorcqeMd,secondary,6no,I56KG2,ys,@F,c&eBIul.r,YM, ay,C,t,CO,VL,,no
c?-D,blue-cFollar,sinXgle,,!m,18'd,,y9sj,,L[,jul,g8,,w1,0M!,,y[%s
,manageent,ma=r;FX_ed,t4rti=rx,ro,b05,FRn*,:mG,lluRar,2s6,1y,0`7,,-nH,Z,,n%o
,ma*nageme4nt,s~ule,teDhtiary,n>,L531,XHsiY,,celTlula,z,,",c",m,{170,\,ailjr^,
t1,t-e;:icin,marred,seco+ndary,@o,11744:=,[es,,",elur",1*,maym,91]G,1,bVd,>,,4oyn
R5T.,technician,,seconar,zS,1W1,H'no,n~on,cIll;koklar,4H,,0!,1,M[1,L,,5n
,blue-collar,married,sejotnd!ry,eoJ,0S,S@es,Sn,cellular,2,he3,1lQowB,51,1o,50,,|>
)59,se;rvic;es,married,,ISn$M,-H+,5B,no,,O/,qmeXy,7/B,f,,,,
3M,ma&agmenCt,,tertiar8,lo,7C2,yes,*,celTlu^la,$G8,Wyd,,1,-{,0,,"F,o"
Z30,b-lue-col+lr,m|rrie=,seconidary,no,46=,ye_,\oQ,cellular,18[<5,ov,)[,D9f,Rh13,N\5,faQlure,P
a,manae(me-M,Drked,tertiary,yes,782,Sno,-fyes,ceRlular,b3,"v,Y",'^27,2K,j1,,,n.o
5,,maErrN8ied,secondary,jdX,7S,vs;,,eluar,14,ay,@4t',m A,@,,falupre,}o
k,,singke,primar,3,5y,,o,cel|lulaFsr,,/jl,`,R3*P,x1,7A,,
4#,sevicIs,-cLrred,0condaCGr,nMa,2E0e,yMsx,nL,,,+y,B6},Jj-,)X-1,c,,z2
,Uself-eploy3,married,te?ika1ry,,E8,yes,n-o,,2ux,juth,\,H,-V,,,
5b2,mana=geent,PaF1rid,XN]mary,,7P8,As,Qq\9,,O?,jn,12x,2,C-1,f0,,
^,mana7geent,mSrried,tCwWiary^,5Zb,86;,]ov,,,$K,;uf(,q,7^,, ,,fno
4(,"bluni|-,collar",aZrie*d,primay, R\,d,ze(s,nA,,Iu2h,ms,,i1,Y,0S,,1B
!38,mXang=[met,,t>rtar,67,11kR=7O,DK;s,of,cellu*l7,,YuS,,2,,r,"""failure",Yro
6,manMgient,t4rr7ed,8eruiary,,r3,o\,5no,cSeTllar,{5,fe',295,,,,faivure,
\,ghouseid,myrri2d,piary,\nfl,3E04,oT,/ysE^,,t5,Ru,90,T7,A-13,PS0,,no
E,adDmi}M,married,secoodary,o,602,G!,Unbj,cellxlar,3Gy,mlr,U,RR,,`0,,y/s5
9,blue-colWlaR,,secodary,|,R37,Dmek,,,,may,,E,(,OOw,,kno
#{M,mOanage~ntt,_ingl*,"terti""ary","n,",54,y4[s,>ecs,,2~l,mo,pbW857B,,gF|i1,a,,&3o
Mm79,,divorFd,eondary,=,+6A,Wno,Ho,teleyhe,,,p40,?B,j-,p,fiurt,no
h9,manaement,dxivo<c?,8ti`ry,n%}x,"7u,",lBe6=,o!N,,3,-u,Q6,P26,-1,o,,F~o
l^e7,manaement,,,,K6V,nQo,,,l,/zn,"833""",B,T,(,,no
6,serlfP-emlo:ed,married,seconddary,s{o,u2={),b,njoL,,L1,mOM,g,,,,,nPo
33,lue-collar,mOrrieg,pkmart,no,3o9,yFse*`s,no,,2cg,ma,i,,$-+},^,,
>,manageKmet,ngl@,secodary,,2w02,,eu,;e:lurar,,maX,5{H90,u,-B,t^,,n 
,blue-collar,mVrrie5,se6ond$rxb,`o,y6,n?o,HnK,,135T$,se~p, 31,,d*5),),faBlare,y-s
&1,"ma""nagemlezPt",!dioxBrced,"te,tiary",!u:X,,no,3o&,clLlar,f19,Qo,"3,8",,2m,"""",,no
^5,,sEngle,secNo+dary,no',J91$5 ,ye,,tl3ph]e,,Z1,q4,B,"-1""",0,,xo
 346,adKmin.,divorced,t|ertary,nt,-363,=n,"""yW",c|llulr,0,jul,S9S6d,11,",-",,,0=C
,unermp<lo/y0ed,siNlf,prim~ry,voh+,2k6,fTQ,L,cellular,,kaS,"Eg9,",,,,ailr`!,yes
4],manaement,div^re,t`rtiary,^,[i,Jo&,"""Up",,,j~ux0,1^41,i,,,,noiW
z$,herv]ic;s,ingTe,smec@o;dry,n I,183,ys,/n+o%,cellular,'i{1,jL,60,f},v,i,,no
3,blue-cola>k,marri=p,snecondX y,CHn,W2A,ye2s,ao,ceBlular,1N,,352,n,828,cV,faXlre,6yevv
3t75,adzx,,ecox8dary,/,/`,yes/,;m,emlular,R15,m},G9,|DT,3M8l,,)ai.uEe,T
5E^X3,,ma|rrJe=d|,seconda3yry,t,-,yFs,N,cmelula|,21,Rnoav,8,$,,z,,no
3i,,,-zcondry,{,jd8-,ye;,no,cellular,1Z,y,66D,sy,-1,N0,,3c
`o,unemqlyIed,ma4vi&,"d,r3imary",2,J5|n1,n,,";el,l=l|ar",30,,,\[4zV,H,,,}n
C71q,mana=gempent,ma_rS+ebd,tertiary,e6]o,f4,p,A,ellular,^,5eb&,O7,1Q,-1,I0,,/'
,managemest,mar+gie6,terdtarE,J,16&0,IyDs,&o,cel&luJar,,eau&n,2+>,M,-~'^,x,,n
_,mana1ement,marrief,trtiary,n8ao,u,yno,n`(,,,XaDr,#,^2,,3Aa3V,>ilure,e
@^z5?,admin.,,smJcondary,o,T1240,"e,",$no,Welep)hon,,,149,,P1,,,4no
~,maonagmentA,mRrie3~zd,tertiary,(&J,=,,Nc,cellar,i,ag,0B3,Fp,-*Z,;,,
%3,seyvces,divorRed,,,3}l9w,(Es1,nsq,,M`3,my,(,,DT-1H,f,,no
,blue-collar,C3bied,sc@ondar_,,3122,^,,telephoe,18,ah ,51,n,ai,*,,
3^,admi.,sngle,er@t5i8ary,q0,516,ncpe,D`,ecellulM,`a,oen,2{X;7,S,C(1,0,,
4%,managemen,marrQ(e,te*riay,c,544I,1P20,<4no,,30,`ayA,1~,8U2I,-1^,,,&Eo
:33A,serics,rzijed ,sycd2ry,noE,3?2,T9,/,",eluplal",fG,2Dc,113t,1,ncsk,,,%
2`O,bvu-col7lar,,secQ)5dar.b,pn,,FyGep,n}o,cellugar,15,$,,2#,29.7,=,ohti=,nj
3,aRgemQnt,iGgle,Zter:ia3ry,.,1696,y3,a$noB,,2V,au[,,1+,"4e""",UWr,falBe,bO>s
6]0,,,secbnaZWxy,7Q,2^8,iY,0n,c*l-uar,,aglev,<w=W,4p,[,,,nDqB
45,unmployed,d7ivo|rc$d,primary,F4sv,-249,,Ms,,w,Uju,iJ9pT,1$,-1,R]M',,F-;
7[h,tech=ian,!Iar&2d,`secondary,6F,X,'E,y/s,cllulRr,2u,l,"""312",A,-1,#,,nw!
,icniAia,"6i=v,orced>",tertia&{y,n:G,-3~7,,nK,,s7,mayu,O?,,-',s,,nnZ
:,adxKinQ,mmarred,secondary,,54V,K,F,telxp?hone,_f9,l,(M6,i1,T,],,]eb
43.,mCin,marrixed,sel{ondry,CnWo,1V4`74,"@s""",:-,,30,QX:,[10a,SN,<h,0,,7&b
53,blue-collar,marLred,sYeconda-h,2.)?o,-CK62,jye,T,ce'ular,.4,z,E81I&,d^6,,u,,Z
",6v/",sef-empHloed,,tertiIary,Jo,C,o,bw,c\elfuarQ,l,ndv,-fCR,1F6,Sy1,We,,
X,"manog""emet",Ird,mecona[dy,y,,no,no,,C,BLn,G1q,,@-,0,,
2,anage}^nPk,singA'ke,iteV<t{iaryA,/[`,?P,,Fn6,cellula;6,0,Uug,0C6,*,"],4",",h",,
,manaement,"nivoo,e",tgelr>tWary,nM,1349,yR,ye,Jellula,28,jan,*6,1,\1,!,,2J^
j&5`=,Mtec;hnici2anFh,marUried,"sec,udasjy",no,N|s,"~e""s",yhes,,de9,a1,pvy,,-1,h,,nga
37,admin.,ln/ge,ecMndory,f,1066,yes,Ulo,,2:,mH'ay$,83,+g,d,,,T
|,teX[hncEian,}8 ge,"seco""ar'",INes,K10,yes,&es,,_,y~un,z6,5C,H-1,,,no
x,management,"d""v2orceW",p<i<aryv,o,m1,s,yw,telephone,,jul,1~w,},<,0,,no
F,u3e-`collaMr,,suec\ndar},9o,881,yy1,EM,,+,[,22^,!,},2j,,
X(,blue-col1lar,diorced,spondCry,n@o,02L7+1,9,n2!o,cellula,F,[iay,&12{7,=,,,,a
p0,pnae'menFt,maOrr;|)d,tz_rtiaryv,,0#,~P8nm,E3_o,cezll?lar,14,syd,,<,=]-<,0,,o
0yz9,jlue-co*'lar,#Vingle,s8ecnQar;,,)1,ys,soqA,cellular,g,~<ay,500,#,?G5,0,,no
T4,techMdniciEn,Qmarjie,seconda6ry,tL<o,1sQ299A,yPs,,cellular,,"k""ma",i04,d,{-gX,,,r
mo0,",t4=en't.",=?Ting'le,pri0marpy,+e~o,52i5,ne,5noL,,28,ug,r,1x,O31,u0G=,,P
'~,managjement`,single,tertia6y,Jo,)808,3n#,n(M,,21,"""a`x",]lhp2,,"W%x,",/*,,
x,self-employe,"s""ngl9e",secondary!,nnX,7`:,/ey,$o&,,9,y,Q25,,-N,U0,,n
;w9,m7|nagement~,5mairUi^dj,,!o,P,ye;s,+,,a2],@jcu%,],,,,,#
7,retired,diDoged,|Hconary,n5,"4""0",!Q~,6o:,,,be1p,369,M`,B%1,0,,yecJ%
V,sel5-employed,2Difn*le,teriary,n,49u9,no,~n0,,,,_269*,%J,9~21,h4,,
3;5,Vbdmin.,singl:e,tertiary,,77i,nd,;er,ctlllar,jG,m,,,9-1,I,,I
33@,lu-collar,ing*l,Yecondary,,,yes,nG,celulr,eO,m=a,12%,,3#0,r!,"\ot,her",$^
,blue-collar,rrNd,rma,U,^-'1E,1zs,,,30,ZaoyZD,7j2,,Q],?,,ok
p,8technican,mrrigeR,seconday,*,2%~1a9(,,n  Bo,c9Wyl8#ular,9;,PoZ,5o,k>3JI,t-1,+/,,}in
4w,te)Rnic@inn,marri%e0,secondary,.J,-a1A,yes,no,,24[,may,&c,,,F[(,,yn
,manage<m8en',mar&ied,t2erDiarq,yes,c+i,- o,nno,cellular,,,46i,1,>`,2a,,h
5c2m,tec<ntcian,arriew,te}ia*,n;op,:40@P1,e,-ks,,,mgQy,255,1,-1,90,,l
M4,bu-coilar,divored,,y5e9D*,=1,yFss,mo,,|,,P83B,1,#~1,,,no8
,ad{wi.,/aried7A,seecnda8ryOu,/hyo,(,=4s,,cellular,,maK,s2?a24, 6C,0~,y,othr,no
"3^,4/",,arried,seco%}Bdry,%@o,b,L%,,,,ma?t,1t02,x,',^,,no
3T3,@chn ici<n,dio@rpce,secondary,Eac,522V,nA,"r,",ceQi>xlar,"/h"",",jul,559,4J,!,Z,,H7n1U
nr8,admin.,red&,secondary,n],n3Q90,GyHs,,,m:,}n,2y,p,,.,,
,te8chn5c5an,[ing,t:rtir,~noG?,257,]+ets,`,,GZ,en,1X83,,i-1,,,
!u,Ldmi.,ingle,seo'day,no,1u,Zo,nm,]ellM!r,,Jar,B5^,k1,;-Fe|,,,*5ye
30,tenhniin,single,tertiary,n,c9,yeKm,yes,,21;,2C>l,zL[,,-1,,,no
5,,arriedT,(ecuondry,5,0S5,ces,,,16,"1aFm,",1:-,X,-RN,W,,ISnoQ
Qt2,man*geet,m%a$ied,ertary,,579s,]|_oR,no,celu$ar,s,cfa,F70,,,7,svu+ccess,yg
<+8,bkl1ue-Qcollar,"marr""ied",qrmary,5o,Aq6gN,V4s,4,,]u,may~,&10,5,-<1,k0,,Ano2
U4h5,serviZces,mar9rie@,secXnday,"i,n",77;0,J,,lllrlai,8.,b;y,E15>,F,#N,0,,","
4.C,majagement;,dilvorced,t9rtiaryo,Sbn8,v7,I7,ye,,2s,-Yan,kQ1,J,C1,z,,o
K,management,sigeW,QertiYy,no,9u,no,,,`,vR},174,L,-,KfF/,,no
1,bFuce-Nc/llar,Tmarried,#prmary,n,-454,.!eqs,es,,2H(,,,2,3U|, ,,ynovI
27,J_tecwnician,ngle,secondary,,5vh,e,ybe,te3epho4e,o,ju5j,1~^,,U,,,W
,entrepren1eur,arVrigd,Lco*nd|arsy,i},N5064,yysG,:o,,20,may,:,h1#f,-T,p,,(neo
7,entrepWene!ur,mar'ie#d,tertiary_,no,/-T[69,8no,,ceJlular,,8Mjil,Gq24,84,,0,,^no
#,"""mQag'ement",Cingle,ter<iay,.no,1 0RyA,,,,dWv,cay,',,-u,,,n o
^hq,mmanagemen-t,snglFb,qerGir\,no,8v[,zoF,n7,tVlephone,,@d,3F,l1@,-1,p0c,,n
33,^ echnician,dovorced-,sZxcon=ary,#<,8g`,R,neB,cVll[uflar,w,,n4,[,P-u,,,Qea
Rl,techn;jioan,divoce=,secJndar{y,npo,1H26,_o,h\,celllaf,^,aA,Q,2,-=p,p_7,,\o
<I,blu-col>ar,mdrri]d,,no,l'3,yes,no,elular,29,jan,n,77,$,,othex$,noQ
sFN,bluKeVcol$jr,m4lied,sco|&dr0y,n,4nX,e(,n D,,,Cn,29#,z,2-,h,,
2Db,admin.,sR,,b@o,X6,y0eP,:,,>,h_ma,.aI},>2,-D,1q,,n.{8
z?,sr)ices,"ma""ief",,L#_o,1M,y:e,Vn,ceJll*lpar,/i,,;7,<9,x,g2,other,%
,management,plmarrse,,,q67T8,yes,,cellular,6y,{e!bW,90,XFR,s,,,ano
3',servOiceRs,in$le,sWegonday,8EoV,",",EdXq,noa,,B3$h,Ymay,,],71y,;C,,n#8>
3,echnician,ingu0,slconda4r,,,yes,,KcllulaLr,1{3,<!T,r$,1[,3F7L,b,,|
.,ble-colla,mar.ri^~Xued,,t_,,rpo,No,,B+e8,;ay,132p,,- 1,1I,,n9o
38q,mamagqmen;t,marriejd,tertiay,d+o,13},:eds,$$o,celur[,yv9,o,,1;,P1,q,,N]0
32,,:?mrried,secnay,n?U,7z,yle,%8,Ec!lfulWr,A,,143>,z,i4,,,
,re9tirld,=aried,seconday,+,3eG,o&r),s,cellulBar,25u,j8S[,68A,z},-1,V,,nom
5J>,blue-cXl^r,marrid,,who,3[}6,un%,n&o,&Ilula,W,aug,^6-1,4,,02,,o
j,adm)_}.,sinnle,secw2dary,no,6`,nJS,&,"~mllu,[ar",,-,>284,,{1,,,o]w
j0,blue-c[lar,marrn~Bq,riRa3wy],b,,38,OEo,c5llu;lar,1SC,imAbv,4M,|,3j4,/,5ailure,no
y4I,blueaXf\llar,married,s$eonarK,v,ZF,Keo,6n-,,18,|jABn,4N0,=,-1,T-,,
AN1,K)nxWement,single,trer^9ia ry,?`,6(=,\om,n,ecelWlaf,,OuB,3=9,g,, ,,yws
n,,"marrie,",priar,lia<R,"D""8",~,s,cXlluflGar,,u$,/h16O,;4,.,0,,no
2,t^eMchicia,msHZ6ge,secon~dary,bv,)G,yes,V668oc,,1>,mr,7z7,dw8,H1,_0,,
3,"tunemlo""yed",mrried,primPary,o*,{0U5,e,',cel5ular,e,jul,+Ly9,,Z18qxD,,uZcSssEu,ues
5j,Jechpician,rr7ied,"""econdbaT=y>",;,'S5q,es,gz,,],u',&31,_,,0,,ino
/4,admid.,arre^m,,vN,38:,n3,V,,6s,jT'F,"""z7",d,,;DQ,,
,self-employd,uarr(d,,`noG,21',,-Gv,llular,J_4,Anug,2on86!,",j(","L15""]",H,,|T
29,managemet,sigle,terteiar`+y,(O,b79,Vyes!,4qno,cllul6ar,,]Xe,3@P71,w,-1,!,,+jr
5,sr0Ri[ces,maryri@,s^endnry,,11l,oG,ye:,`elluNP,J2,jul,218,u,,gFR:,,no\f
V5,,=Daebied,econda&ry,goL,,m=ms,,,l0,m=syE,75,,k-1,0f,,c
SVR,,marrie,p0imary,n}A,;27e,>y,sr,+eul'ula3,_7,may,Sj`48,,x2*-f,U,BaTil|ure,
52,tecchnician,rr2ie,sec~Qndary,noChf:3,,n,yfe,cxlllear^,\+I,w,R,,]23,3a,fhilure, G
8%,self[mploy>e,married,,,26s3,vJ,o,cellrb,!,,,<1,73A,8,_thder,W
`,,mr>rie,piJmary,,25],yeB[=,z,,1h,0un,4#,s2,9-@&,,,b
,tTchnician,"""m}addrie",,o,118,,,,@+,ma,23<g,]},47W,t,,No
7,retirSTdk,,,fo,w5fD,"n""",<Qo,,,zeb,,,,"""",,n8nX
28,bervics,,secokd:ary,\nx*,,g,o,,,sep,10,,d,J@,,l
k*0,blue-collar,,sonGdry,%),1472&,yaeP,7,cellula},E,{v,769,4,-'a,,,
i,Ye.collar,dvYrced,secondry,no,FT8,,Lno,cellolSar,13,muam,13K3,3{,f370,,,naog
n0,lue-collaF,married,se\ondary,,&,;z,y+es,celular,2H`,Yapr,297,,MnC\1,EBI,,
66D,"ret""i?eXd",,seco1ndar,\n,7: ,C9M,<no,X5cxllludar,R,<,pX,r|i,Z)e,<,,xR
9n44K,bluem-collar,&ar4ie\,"$eco,daPfxry",Ju,0l5,yF~es,n,Lellular|,%`yp,dK,1Fh6f,Zf,2)'Vz2,{H6,failu*e,nq
3&,3anagemnt,si2le,senkdzry,n9k,J1f53,,Mn%o,telAephne,,ag,Tl,~9,OQ,,,Bnl
:D,entrepreneur,mared,teriiay,un=A,T,yweXs,cz[o,)ellulaqr,1?9,nb0%,,T,,i8,,n0
:,manag eLentm,"marr,ied",secondiry,Z,Zvk,tnW,n*,teepjone,,f*5er,+5,,71@E2,6,dfailue,Qo
,se/\ces,2aJrmid,"es"")condry",9:,2G9,oNAOo,m0,cellu*lar,,ns{,|55,10,Y-1,08,,nh
<z,jadmin.,single,"seonda,ry",no,p`0,uno$,G,,"2""1",jWun,,,z--,"-T,2",,
J63,seFvides,sngle,sec-oxnVdary,,4;92,y|s,o,:cellula9,,/a,5E,1,3j1,+,otthker,n
6,lu-colarev,a3r ied,r\iar?,,,,nwXPo,,,yO, 3,U,q.,,,f
Am=,terchnicin,dgi5vorcMe,secTna-y+,_nL,}2K2,(yes,ONou,?celar,'c,e'b,&29E,SZ1`6,201,,,XnSo
-W,blue-cmllar,marrie%,seDondary,M,,no,Yn{,,<{1i,m`y,2E06,6,9-*,V3gY,,n'o
0-,/lu-collaVr,hried,seonZary,0n(,NQ3,yes, 3,(elluar,?D,"8K""",z,R,|,,,A
g,uleUcolar,arXied,prim2ry,aZ,50 ,y$zs,s,,#e,0zy,2J,",",-<1vK,07,,'
-)^,bl%e-cilT.ar,divorce,"pQim}arhO,",2#,S1,yy,},ce~urlarY,8y,Iy,22Q5,, ,0v,,] 
5g9,6m]in.,m'rMi7 d,prmarV,o,?Y,no\,,Ncellular,31,aul,1~j,,-,;,,no
9,entrepree4r,Ysingl,tertiar(y,oY,,yeJ,Sg,,$=,ue,|}k,%,-1,,,no
'v4y,admin.,,secoYkar2,no,3>f25,y/e,no,celuljr,v271,j|ul,228,`,=-1,0*,,xCRo
43,knedployed,maQr'$d,s?condary,nO,9pt,ye$s,no,cellula],<3C,ap[,C73,;X_,1A,,f!ablAe,>nE
3,managepent,marred,_tetiFry,no,231,nolH,,cellur,],(,130,6,',,,
`3r,\Btech)iiOn,rrie)d/,te}rtianHr,xS,92/,n,o,tep3on,,jun,116,r3,121,?}%),fai|lRuR,JnoZ
4l,manasgement,mafrvred,ttertiary,Ho,(R25,s>&,,chllulaJ,K,aX,fN,g,*-19,I,,N<
,Vetie,divorc4d,,L,@5Ml,Y,^,ollbul{r,""".ow",Hre,5;62F,4,qS1,0,,]XD:s
W5,techn2cian,madrMie,;secnXary,,%,}od,n,cel{l>aV,,vau,,2,-R1,0W,,
~9,adumDci.,m0ahid,secwond)ry,no,,"yea""C",so,:elephone,"K1""",mn,h55,6,-1,0,,Zn\g]~
,managdmnD,s$lngl,eriary,Ano,1iBo,(0(si,yes,XceElulaNr,10,)u,107,9S,IP,<,,$o
v,ret8iCrd,bmxaried,pbrE+marxy, no;,16z>2,,n=,cellular,,,)3,,O^,,,
oKh,,mr^ied,AseucCRndary,Ge,->0R,7es,no,,mf,|}|n,4b,UZ,,Q0,,
?-3,technician,m\rd,&erti0rJ,[cno,,no,nX,cellxlar,W1n1,,14.,3,.^,"""",,o
L42,b&lue-clear,mared,seconda/y,,+81,,R\no|,cel:ulr,18,n2v,,#1,x,ER,,R
5,Xmana~eentw,married,temiay,?Ant,,Y2o(,t~a,chellular,,nohv,!906,"1""",-&,],,/0
8,^unxmplye,mar`ied:,eco<ary,.R,,no,wo,cellular,13,"j5,}K",113,,3b3,l(,otNecKr^,nb
3,sy=lf-employed,marPied,,Q,4v6 ,y,es,,23,rayy,N290,2oT,W,,,no
,mnagment,married,trt1iar,*,Z,yeE,wo,,",",may,F?7K,"""%E",-],j,,Uol
]6,adin.V,married,secondary,Pn,-2}(t94l,yesU,o2,c^elluaf,1k,ay,,[,'-1,0[,,hF/o[!
N[,mamin.,married,,]2o3p,,y#es,,,4GD,,,,z1,>C0,,/nSGQ
z,Bechncian,3Uarried,,nu,,9no,noI,c2ellular,,u,,20,L,,,r
e8l,blue-colar,"mar""rR",&0ec(ndarg,u,213,ys,yA*,,,<[un,2*_W,$,--0,,,R-n51
+,blue-H`o|Ar,singyve,e2m\onday,n(,-20 ,nom,G|es,celljlamir,21,\mD ul,q7n4,c8,-;1,0.+,,
m,housemad,marred,pr#may,no~,gW,ys,Pn0,"telpe9ph,one",y,je,17N2u,1,f*-1,E,,EnGR
,mnaemeSt3,mHrrihd,Ctrtary,_[x,"1,093",'e,|s,Lelluaj,13,D|,1y22,zk-,1q-,eY,,ygDes 
65,Erejtred*,mrlired,EterUiaQ,f,194:O8,AM,no,cellu-lar,2,,1YI,_),J-,,,
Q4,tecnician,mried,c&nday,Doj,]w<,yP\?\es,no,cellular,^s+a8,n~M,l1R,\,h1,0N,,
p38,self-employ>d,divorced,,c&y,644V7,,Hx,celar,,jul,3)6\,M,1rC8E,",~1",^ailuore,Xo
/,maIagmnt,iivorced,tertiary,noe,2813,ye,n],"pcYll,ular",13,ay,4@4=,\2,},W,,JD(
#9,,s{iSgle,,,;2UJ822,,#p,,X7,+),5Z,3>,,0,,no
Q4,une[ploye7C,married_,ecnary~,S,B11o,P,nrg,,126,zFy,Y,5,-1b,k,,n8oh\
~3BF,entrepreKeur,married[L,trt~>y,k,,hs,yrs,cellnqar,,nov,27M,x3,1]7~,k,failure,zn_
,,mEaGVied,xpkimw:y,n,N,yes>,5,zteleZhy,,,"8""*",s,CV3,10,,n
h,mara(emen,marriegd,kerary],S,>48,y>e)s,nF,ellulP,,nov,159,W,h,H0,,unx2o
C,managLmenP,sisgle,traiAry,no,,>)&,Jnc,hmellulr,r,aI(,}26:F,",",,p@,,&Ho
4GI,blue-colla%,marrie,priwr,no,6439,.e,.L~,,M,ma,,r3,-,l,,tc
,ret8ird,dgvDrced,prima^,no,9(Wi,],nZo,,=7,Uj!,20<,Cd,,,,b@nw:+
7PQ,maagemHnt,marriew,primary,no,,me%,n,celuar,@,f>b,P97a,mL1,-Op7,L,,
52,entreipruenevr,MdiXrced,ter(iary,*,,Rs,Us+zx,,19,U,,3,U,,,o
,lue-collar,mU(rDriedt,secKondahy,y_LQo,<,,n,@ellular,,,^;6,",",-1,,,P
53},self-e5mplyed,married,terwhiar,S\no,$S:97d4,?es,y,,12,iubn,vc52,\-<,8-1,$,,Z
2f,sevic,4mgred,|econqedary,n0Pi,8HN4,n-,<kJ,celxluJlar,,7:,1F,1,t,h},,
33,self-employed,,teriry,no,Q,ae$\,noW,cell%lr,,a,,=,,Q,,ysfa
382,admvn.,sin]le,tertiary,6o,8Y8,,bj,ellDular,o,pjC,.34D,+,,h,fai1e,no-
y#,admon,singXle,,c,W3,&ye*I,n,c{lhllar,|8Z,m5y,4E8,u,,y,, FSxes
3,tchni%iAn,mSSred,tertiary,&o,3076G,n|o,\!,celTzlular,26,ma,,d,35,#,e\r,y
33AP,,,,nX4o,c,?,no,,3k,may*,h,,81],J,,
,blue-collaj_,"sS""gle",,,i31O1,\yT>,Z,,:)3,,b0,_,V1,I0'S,,X88o
;r[m,,sinaCeX,,d,4*37,}es,oOs,,,apE,55,E,]U,`,,qnao
G4,anagement,marRed,Se*rXiary,j=o,1764,no,Ki7,,18%,ag,70,@,m,0,,UOo
,unemplowed,ari40d,s+coTdaryF,nh,3W3Zl,-)es,t,,d,auNgC,'25,y2,,,,n?3
40c4,enrep4ren(eu*q,maridedC,secodary,n+,2663,,yenE,ce+ll6lamr,^,F4,9I,J,J,0G,,no
,blue-cpollar,si\ngle,im~p,,-1y6?,ye,iojs,,,$iy,S1yP,,-1,,,P
,St9echcan,ma.rri1qd,,,1393,,ye,telKphSneVwM,iuf,novM,,}5,KO1,/,,#W
SL7,blue-col@ar,mnrrGs%,tertary,Rn%o,s5,yJs,Hrn,,26,$Ku,y19,m3,O-1,D,,(bep
,sFervices#,mCrrieZd,,no1,1KX,Uyes,>9I,cellular,,maJ,-|fg,,-l,0,,n.
q^4,aeYchnican,0iVwe,secondary,C,7u6L,om,noC,ce=vllular,:p,!,"""9h445",=,d1,+@,,Tps
(A5,blue-cEollar~,aiv]rced,priimary,#,a-tO1m,s[,o,,D,mj/y,1030,,n\,,,yes_
3Xg,clue-coMlar,marqiedE,sewcondary,,20u3,yeSs/X,,,,-jun,4@N,M-,&1,=/,,no
 43,jhadmin>,,,n<Y,z1,nVn,o,,s{/,may,84};,,i%,ez,,nZ
2,,Uarid,trtayry,z,6^409,no,n,elular,20,nCvZ,2&3,,*pB,FO,,
,,mare?,tertiary,Q,15e36,"n""",|7~n,el\ulaP,>,ug,,6q3,1F'O2,V,faolure,
38,,,hriimar, c,0%],yes, EX,>celular,G;,,1C1,U,ou-,i,,no
4,,ma3sried,sco~a@+,&bmx,11'1,#n,w[,cQll[ulr,1v,afW,@8',37,J, :0,,B
q,en@rep|eneur,divoced,feconP'+y,n,-69,ykY,J,,<q,may,}@00,K-,H1m,@#,,P 
6&L,sDuQent,m\arrid1,rimcMay,o,462),HXs,no,cellOular,1Xf,jul,i,F,-1,"?""",,=s
9,,mar'ri },]econdary,/~C,eXW,_?,d,,}^,a,,,,e,,#
 50,echici-an,mai`ekd, TrNimar#:,noc,.,*Ln,no,,,mC3&^,1Su,2W,\',09~,,)\Anz
D5,~blua-clar,tsingl,}econdatry,"o,",}0,+e!5\,,celllsr{,"""6",,7sY,(,n1F>,5,success,`o*MB
,services,divorcq%dr,s|nndary,nG,3:,^XuyFs,no,cePqlulArx,o5,&mbyi,301V,$%.,;1,,,D(p@
5N@7,tecnicSia,dvor4cMe~d,teztiajry,npO,g12,nr|%,nw,telephone,'?,=un,"1""6",*,"x-"";",,,"yz""s"
3,,dvorced,secondary,VAo,",-1cG,",ymsP,",D,o",,b[f7,[y,,)g,-W1,y,,7nZ
J+,,,}T^rtiau.y,noP,3/92,{9no,yK(,,1<,u:,1'5,,7-&,Qp,,R_!
P7],,"m,,.d",se|ondary,O,701H9,)e,),,b0,ma,46u5,j,M1,M,,nK>6
4a,management,+ma]rVie,s-vdamy,dnq,aA,yo I,n),,+A21G,#uc,88,1,B,v,sucZwess,nUoC%
5(,unmYLplByedU,dioQed,,n/,23}0,6no,,0cllar,eas,de>=c,22Kj,M,$8/,s),,
x,seNrvic;s,s'nAgole,secTdarZ,,,6,ye,cellulaZ,nu,38l,k,%a, n1 ,"@0I%,",,o
3m!3,magemen,,tecrvuaryz,n,g,yQsf,,cel+ular>,,guGy,z4,!w,D,,,
1,entrepreeSu;,maried,, $o,34/4,nn8Z,o,cyellular,>3),,,,-,I,,:oXp
,blue-colgar,singl,er*ima#y,fTn4,R22,?ky,no,cilluloar,Lb6q,k/,,,u,1V,,eG
<8,,sMrrie0d,se(7;dary,n,7j,"_,",b,,0,|un]1,524,,,,,o
3j9N,maUagemnt,oar@riYedP,secoXin'day,wn,1i072,ye*s,',,C,mcay,1B68h,\M,\.-r,9^p,,MnPo
OO,4aidmgin.,m+arbr0ed,secodar,I@, 2,Bge,",6",,,fFcJ,1y23D,6o(d,99},IW,failQ_,n@
,student,,,no,214=4,Bs,,cellul`r,,nov,bW28c,^,4~,n,,.Co
gI,technicia)n,mri)WeX,tertiary,T!,8:>,~,Kt,cellular,18,au,5o3,4E,7$,|,fa0iluGre(,b
-9i,technicia,singlY,teaary,r,3d90,yes,<o,,:3,,[\,;E0,-y,,,no
,blu^e-t.lar,,pqR ?mary,wno,*5;(,s,Ioxd,,,LmQa,1q1,CH=,1ob,0(@,,
?5:_,WtechniibZ,maY7ri+eo,secondary,?,Dj27,ye+s,no<,cyellku}ar,g,$KL,.$5',mj]\3,-,0H,,Tn`o
}9p,,singl,,no,S7*,ro%,,ellnl}r,3c,ce,R,5e,-v,t,,
1$,managemen$t],di[rced,twrtiar7y,!,2909,cyr,,,,9amay,11N,yd(,-1,0,,}>
57,ma+na7gem[emt,married,secWnd$aWy,`,,yPedfs,U,cel:ular,",",jul,(,,e,0,,jnj
1 ',serJicew,marrie,,lw^,4`o50j,,,,,,"1,^21",4Zf,m,<,,n0Ao1
6y,detiXed,marfiev,tecnd'=ary,o,342`,LTo,,+[lu#ar,,Zeb,432,[,,z,,q
,blue-cosllr,,pimary,oo,3297,Pe-,y`s,Ytelep^ho2e,30,!ap{,P6,u,^,.,,no
M,mDanagament,divorce,t&riaryb,,_4)==,`,%g,cellplar,S,,5},0,1h,0,,y@syk
8]},tirke,marriKd,prF5axry,no,5220 ,n,=,tl@ejMphone,,no2@.,135,MZ,MM,|,thc2&,yes
\,man8gemCt,msrEHed,,ncbo,,byeGs,h8,ce:lular,{YH,aua,425,?,k1,tx0E,,
p,,single,)er^t|y,OR,760(36,@_es,B&noNm,,3D,a,91S,F9,`,0,,
"5""G",ma[nagme9nt\,marPied,,,AR0,5#,J6,,11,jun,W45,+,c,Pt,,cX
1,blue-c>ol0a5r, maqried,pHrGmlhg,,%q00,Ne,Ro,cellulr,,m>,,q,-1R{,#J,,X
,blue-colar,"si,nle",condary,0,,yeT,ys,,,UJy,134,a%^,"v,",* `,,Dn
6,blue-Fco@0lar,xa5ried,s6tondar,B,,*e,oa,,H1g,(C9,q60,$n,DE,,,n~
40,bWucolla,married,sCeconary>,no,[59@,,yC,,RF,may,$XZ,5^,,],,n
,min.,slivngl,seceo7n`ar,n,|7,[l,/yets,cllular,F#.9,l7,#$',r,AI-1,,,n
28,blue-cllar,sngpl,,3,4V,kyes,,cellular,,ygLp,9h=9,m,p92,14,s|ccess,@e(L
A,se$rvces,masr9ew,~pimar|,n<m,,9,,cel/mlar,b;`,a,d0-,\,-+1,S,,
33,XntrBewp0reneur,married,s'cxdr,,0M3b,y~es,"c,d",lAlla,,may,U2|,di,D9{,(,faTlure,n{
4KI,management,ared,secondary,L!,&,no,nAo,ce&lular,12,r*g,7T,_,l1,0,,Xo
 m3 6,%se5f-emplBed1,single,ertiaXy,,-+?M,ys,IyQes,"t^e,one",*h,At,2ZX,1,-\x,,,ysQ
vxK43,blu-colla>r,"mauN""red",@_r^ry,nof,,yes,Vsb,,r},m`y,v3,],R,0a,,n
J8,technician,sle,Otertiary,n,(2;,Uu1,,,RF,,F32,f,-,0C,,ke
53;H,1dmi(.,mariepd,s6_ecoLva7y,no,z2}8,ye,!esR4,c{ellNlar|,,"feR,",[16,3o,r1Z.88,M4,,",n"
L]2x,ser=vi=es,m~ri7ed,secondar&y,Rn,1167,yq,&ye~,telhne,V0,Fxp}r,IX,,n148w7,Vo,falureF,no
26,.ageme,iVge,rtiaory,],Ti43,o,iR,ellular,)f11,n},G#166,t,d,1,succeos,'es>
,blue-coHlar,"""h}a-rriea",TsecoKndar\,vVx,6w,y'6,xQ,cellular,4cyM,,&9,,,u,,d`z
Xx_,manag0ement,married,"second""F^Wy",.,Cq,,nm19,celul0r,63,oc7,L1],,,3T,,/j
,,,Keiar,A ,C,.,eNb_,cltllulat,P,a@,328,y,;\DG,S,,
30,management,"singl""",tertir%,no,1Q35,_O,,cellular,CB,novh,1l4,f,f~oq,>,,}
3X6,maagemRetA,sinF-e,rtiaJry,o,-F9J,ye s,yU,,y,ma,,MR,?,],failure,0X
4u1,entrXpreneur,ma-r#ri6d,terYotiary,,313?5,y8c,yTes,,20L,,160,3,,,,no
1,Qlue-coEllar,dnvor)ed,ecoBaryT,Do,104,{,o,c1elWular,Z,6l,,1l,-1,;,,Oo
h4.,maoagmenx,mar<iBt,,NoD,65^,y`,ng,e0enphohne,B17,no{,W,2,RTX,Z0x7,,i
25,,silugS,s9econd$ry,po,5e,ye,, celll$r,15,,832,`-6,6Q7<,3,"ai""uce",?ys
329,manage6ent,~m=`rri5ed,SnTtiar,n;,~2,noL,no,cellular,,aug,183},x,#@,N,,3
?,management,mar/r/ied,tertiary,nM,U,yes7!,no,,,xmay.-,h?ry,2@,1N-,0*,,wn
47,tehnician,maried,seondry,on_o`,89,o,"""}o",,,jub,2J7,,-1c,0>,,o
,Sousea^d,maribed,tertiary,no,D,,\1,,,jun,10T%,+,-1,O&,,"n,oB"
41,,mar!ieOP,tertiary,)~cN,'d/1\,ae,u',cellu<ar,Z2,jNu(l,u04,jb,<P,Ic,,Jn
#xP\[,tec[nician,"marri,ed",IsecotaryL,,2%80,",",Ho,c%PVlular,{=04,na>~u,1g,>,{1,h,,.C
F$,tec33icin,oingle,tIeBr#iay,no4Z,A,Bvno,n),"e""l(ular",RMP,O+,34&,%,-Ve,p|,,9-
\%`6,XrceE,mrd,sAecondary,o,344o,yOe8,no,t9e3phopne,_,oct,94vz,,,4,aiN,t Aes
W03,tychnicia5n,s]aIrrYed,sy0onay,or,V72F7.,,,,>27,Cs,1205w,,cq,,,yes
3Yt5,thnician,sYinglZ,tertiary,no`,:,"M7n""Po",<nu,cell>lar,q21,4a|ug,u,f+2,,k,,\N
/,reti@e:,"""m/8ied",teZrtiary,no,2812,no,Xo5h,ce}Rllar,_,$aug,Gq19.0,z,=h%%-1,c\,,o
,blueZwcolla]rZ,sTngle,prqfpary,,17K,yes,L_oJ,,13,m3,b5K7`,S,-,0,,no
7,admin.,,se9cnday,;ns,,yeIs,oo,,C,m-yg[,T,,,0,,?C
,,diorceMd,seecndGar8@,no,O4,jKeRs,yes,,^,jUl},p2Z5,"""/",*-1,,,{
,,married,1se2condarZy,"""S",y:1F,So,?(o,,6*,.uN,9c,,-,0,,nz
3,houmsejDaiKd,married,4econdr_y,`djo,633,9,ogn,,IH,,233,JrE6,,0,,no
.k;,blue-collar,ile,second!Py,no,"""-6!-1",BBoqs,"y,",cellular,15,mamy,e8T9,k,-1,\r`,,ye
_6]>;,entrepr}neur,rrLJed,,3ue7s%},-2|8T;,yes/,feX,ceFlluaar,+,aUu,D7,g7,A,},,ao
B3P2,tmchnician,sirgRe,ertty,n,80L47,yes,no,'!lular,g*28,'u>, ,13,",Aje3",97,,
fS,_sices,siP_lB,<secondary,I_,,F.es,n|Ro,cellular,19),nov,146,sW<,Cn=},x0,,n%o
4,selfB-empeoyed,;marri]ed,/)Tond[y,%,,yeKs,,c7ellula,U,"m?y""",612,',-1,e,,
v,,maridl,{ec!ondaary,,1%)*,eo,no:P,,v,jun,"4""",3,-#@1,`,,no
4&S1c/,ptechnician,m1r.i[ed,scndarwA,oS,etx,^n,0o,Sellular,,Mu,10){4,$},,'~,,o|
[;,maxagemet,maurie!d,tertary,3o,173K?,1so,n{,,Fw0,Hz$,B3e,sn,r.,i7,,
5W,ami!n.,.Yarri>d8,tert1iar,n6o,3S2,nto,nh,cel lua0,Eg,,156,5]N5,-W1U,,,ye
,ervies,,secondary,no,,2,!es,,,juul,7a9,15,,DN,,&A
53,adnin.,marHied,"scowdary""",n`,44164I,Ryesn,no,,4I,,Gr,,/Q1,-&,,no
3S,,,tetaav,o,_179_,.yJ,,elw(+lar,my1,ug,F9+^,,-;,`2,,
57b),ueRloyed,maried,scxodry,,+68,yeTs,\,,T,f\R,32W9,g,=,=B:,,n
"4O,",bue-co^=lar,marr[iVed,,Wo,7a,,yno,cellu:ar,"OR,g",i&,r,3,1F,=,MklurI,5
+j,"s'ervi,cLs",s~nR,seWcondary,4o,,oSe,,,0,RQy,1#4,z,zu,>,,n9
,[manageentQ,Jingle,tertiary,,41O,yes>,,_c#lulr,,)alu,v1_0,m,}%1,,,no
3R0x,servies,sinm]2le,"rAim?a,y",,5#46,yc+e,o,,h1,nOPol,(25,,g81,DV,,cno
&9;,technician,marie,secondary,a,"2,5~",yes:),/e,0cllulyr0,o$.,1s,`-;,2M,W,,,no
Fl,a#Ii.F,marsried,secondary,nof,t10a3,;o,[,e^lular,7,~XS,"^,2",2,-1K,,,znOl
5,manageGmnt,qmarr[,ort}iary[,n,,,n|N,ceAlKula,,`|o1v,7p%V,I,L,V,,
"40,?p",blue-collar),jrsied,secondary,^,/7,yl^'eF>,n,,2wA9,/5u,=:,1,a1,X,,kSYo
M ,bue-3Rolla,divorced,pimary,No,,e,,,E-+,10y,4Xp$,c,7-1M,E,,N
,a(dmzn.,married,Fsec2dry,,,yes,3p,cellklar,A1{p,m|b,]3h9,ut3,H/g0,jY,failur,G
p3o4,tehniian,+i0vorcd,hecrndary,Gd,z2705,yes,"j""s",cellular,.,a&,C2B,1&,,M,,n0G
53,maUnaHgement,di)orced,tertiary,%n,\5oP,"!A,?",no$,,$1:[,Oe'b,vl,B,AT,,,yes
,,maried,seco&dary,""";",;_w, J,n_,"q)e""elplular",y&/,~D&Og,Y1k,,g21,,,o%
;6,RbteGchncian,a0ried,tertiary,47,.10Y06,no,no,celuXar,k,aJg:b$,69,,,0X,,no
32,8~use9ma'id,marreQ,,o,1?,Ues,,,i,&n,6bk(;8,,1$,,,
2,gd?ciD.,sngle,,,rs9f&,o,%o,cellular,5#,,EC?8.,.,%,i@,,no
3,admin.,sin}gf,trti(rt,n,p,n,8,,},ma,32`,1,m,W,,
4:,/services,marbie1,tertiary,nA,x`>3,(3y[,ox,Pc7elUlular~r,YU7S,ZapZ,,1,;-,^,,F
,tehnicnan,sinale,terbStiar^,no,p38%ivi,yeMq;,{j,cellulr_,L8t,jyC,,,-1,C,,
1,technician,"5divMor,Vd",,,ifj,yes:,,,13,ao\,13(i,,!2p,",",,no
5)6,vmanag~menL,divoQ }ed,eg`rtiry,=n,=621,y,no,celuoar,,_ug,4w4+2,Y,1e,L0,,n
B420,vanagemet,aQrrPcd,tritiary,,71co,}o,mo,ce;-uClar,20+{,Hu,<\,~,d,Ag,,nH
2,s*lf-eploeZd,single,t/ertry,G,270,yes,n,`ee7lpula,:1WD5,ct,9+,[g,274,11,failure,zno
3,Cn.,l,sboVary,n?/,1:.j0,=es*,V,,j1,jJ>i,U0.,~],-1,,,
38,hue-colar,sinle,tertary,no,1f,p,nm,,17,jMuErn,605,x,r-1,0,,7E:
5r0,rete43d,,Gsecsdar,Bnjo,,rna,no,"tPleph,ne",14_,3uN,4Oz3X,,d,.,,'
l,_e-collar,9mrried,Ngrmahy,YoE,80Q,ys,,cellula5,,k3ayN,R,i5,2=5,R,failure,n'
#61,ecn'imia,d8Horced,secon`ary,,[R6u48/1,Xk,nY,,"""1",s%c,131GB'a,1,o-$,,,yes
,"&servN-ce,",mZr2arri,prarI*,no,0-i.,;yes,xq#M,,w26,IZ,,1C,,0v,,k
"""Ak",blu-coj9ar,marriug,secondary,"""o",2`,,`ZJ,,,m%,34\>,vT,-1W,$,,yo
q6,lue-collar,m1ariel,secVdary,+,bf,yes,o,,},5)aV,d1[r,u,-1\,0e,,no
&4J,se2f-ewmployed,zar*d,,n,252,i0Mo,n~,,I7,jpu,,G-o,WM,=,,no
3,admin.,aw93r{ried,secndary,>Ja,,yeM,n,elllaCr,l14,juO,PK250,W,,~Vb,,
,blyuecolla%r,rNe2,prim ry,|,d1,0+sm,,,,w,1;a,r,l-1,0,,o
40,,sn'le,seccondtarjAa,nq,9b41,g,no,c4:luoar,18,'nv<,,"M,",+1,},,no
^2/0,manvgment,divobrpe-,secodar,no, 71Na,,no,,,myW,~,+9,XmW,L@,,8HnK+
4,,d2vorced,cary,#},,Zqs,},,2%,m1,111,H,-1,I,,no
]*,echnician,@rie1,5>conda*y,m,30P0,ye{Ks;,N,6clluXar,x9em,noTyv,,;,}8,80,,nT
,amin.,divoced,secondary,!,52N,>'8,P-,cluKa,P1,mS,288,,-L1,Y,,uEjo
&,,married,contda0y,+;X,341,no,o,ceLllar,(0,j,42d,2,,,,s
TvD3,t8c9hniNian,Barib2,"t$tia,y",.no\,h,,"""no",cellular,4>,aug,,,2;5`,,,yZs/.
,management,,tertHaGry,X,1a12,ye.3,*o,cemlu|&,jVH,feb,",159","""C",27d1,,faiuev,H
"S""",szrie%,single,`Hconda_qy,F,14X5,cye,9c,cellu#ljr,T1xg,apr,283,3>,-,,,nC'a
1,bluegLcodllar,arprCie,pr5imary,n9,-3Q65,yzZs,,cellularI,_d,Xmay,3]6,K1,gP,z,,/:n0o
,stu/dnt,sLnpl,s#eco{ndary,n?o,17.7GA,no,cKUo,/ellj?a7,11,Caug,2#Q3^3,_,u33,,|succe!=,Qe
.-,blue-<ollar,married,seLconWary,ieCu#,U,Hs,"O""s",ce0llular,1_|,wul}Q,332,li,-,Y,,no
5!d!,rtiqred,divrceyd,o&\hondary,,"""6",nY,n,telep0o+e,},Ktec,"R""1",3$,jRc,,,np
d,seovnces,marribd,secodary,(o,y-,kyis,LF4o,,x,ay,3!#,1S,-j,,,n
|3S,adi.,"Ng""mrried","secon,ary",,3a3h2,N`s,Q1m8,,,D-v,}l2,1i,$u-1,_0,,L(
5,b'&luecollar,mar/ie+d,,n6wGo,X231,yes,~![,cellul%r,,l,272^,Y,,C,,]
F%,,i[volVrceh,s8onday,2jU,W6,,,cel#uqr,,jul,jM5,,-,<,,
D8,sx/ices,singNl,Fosecndar`,,2&21,yeYs,no,"9""lllar",,ay,s6V,1,CSp1,0,,nN
1,husema)d,marr{ied,p4imaxrc,|oRS-,1~38^2,kt,n,,1J[,j8,22/B,rU,-,U0J,,noV
d36,management,7arried,tuertaCay`,7,(m,e,no,cellla,{,jnn,,Q^<1,23:7,17,t8#,$No^
bs&,retir`ted,marrievd,se\onU$arby,0no,,nYo,ywCs,,,:,172,;,aV-,N,,
5,,mried,secoSdaLy,L@Pyes,26V,no@,Gr,te*#l2uar,IM,a*u,1H,,\w,,,xn]K
5o,b4lue-cE<|lar>,mari*,secondar,{,471,,,,,%y,[2W58,=,,|J,,
x,,ingle,t]or(dtiavry,Xo,,',,,Q,"jm5,a",25a7F,1,P,,,no
G,blue-collarQ,mrred,primary,#n,1^x83,noWE,y,, ,XBlyb,1}87,GI,-1,>,,n8C
),anf0Xement,dVvorcd^,e{tbry,n},}8^8J94,yes,,"|ell""Luar",++51,ma,?`\n,uL,-1,0K,,o
s$,tchni5Dan,XWmari)d,secon)da;{y,KH,&~,yC1,t,clula,C,fe,*,,-7XO,,,%
",",,mNrred,t$e}iry,,8B564x,nOo,g,cel9lula.r,L2,,wN9,,342,DW,fZailu4e,b
3,tectiLiMn,sigle,secondary,,,no,n,elular,8,ul,^1,1,-p,0,,#
3x},servies,married,sconXry,,@28,]zs,"h,4","ce""lKlr",A7,apM,3K06,D,V<,hT,,ni
,unemoEd,maRRrri%}e+d,tertiary,l.q,G48,,ono,lflr,1j4,nG\,7E82,"Z,3",EYM],#,,{txo
}0,sel3-emloyed,}-ar}ieUd,<tne@tnar0,+,,Be>,(yo,Kllulr,Z,w*jIl,*6,5%,H-1hQ,c,,no
,ervice%,married,sKecondamy,,sZ18,!,y`qH,cellular,cZS,,Q1,q,4n,,,no
6(,retrdFX,divorced,seconary, o,5jE,no,Zyo.,WLeln5^phone,27,,7C46,B',51(,qL~1/,jrer,ye
@VZ,,marriI,,nfo,48X1,ype1:O,"}n""",,:,may,N33,m,-,k,,o
5,]hnn?gement,marr]el,tetiary,,&2&20_,_,,cell[r,U1,jul,18q,,Z,Q0,,oHH
7K,managTment,9Jrie,tertKay,n,738V,a,n2,clula,I,;%aqug,6~2,?,;,,sc\ess,
8=,Sunemp^ye,arni^|,primarNy,ni,55i7,ti:s,}H,,28,mPay,-3,`,|3/o,{$b0,,
35,qluecolar,single,secondary,"""",O1{v8,es,no,lel_ephCone,,,41,/,,.jz,,o
[3,lue-collar,Pdivorc#d,priSmary,qnI,255,yes,T[,cellar,,2Naeb,"1'{4,",,,,,zzo
5*1,houoseZCid,dvorcd,"eqn)dary,",nzo5J,-T=,JSs,a,(ell<ar,,nt9q`v,n,}&,,,,2:
4=,echnician,mari\ed,s}condary,To,i171,n#o,^oe,eQular,"2""ob",uvg,pT, U5,,F,,n%
(,self3employed,_arred,sueconrC,l|o,,,E,S{cellula+r,m,mayC,H1c,,*C1,,,n@
6R0,r-ti'ea,ma2riW,tertiAary,Sjo,,y,n,,{,jun,,s,-x1,X,,Bo
,toech]ni1cEJan,sinle,sec|J4dary,,U36,sO,n,,268,8G(y,A:347,,0b9,,,i
G,mapagemnt,"l""arrid",FsLecocndxAy,5n.,,Aeji,*$;o,ce-lula,RD,mI'ty,3Z7,2M,,0,,@i
\,blue[gllar,wxred,IeWon8dry,0no_h,6UK6,O,n4,sTel|Hlulr,13,aPpr,217,m7,\,-;,l8aiWluri,os
M45,+enempuoNed,mrQrpid,,Uo,L60y,no,,,Gzz,",",1T64,^,-z,,,<
3u,Wa8m:inK,marrBed,seOlnkday,n>,*,hr,nCo,tlehoSeY,1E2M,x),2>,u&,ENM,DZ,,Qn
I3,tecDhnician,didvJced,t-erUtcarFy,j,65h3,yes,>C,>erlular,H^L,",+",,1rd,n,,,
3,servicBs,ma+riei,seodary,o,&3iO,Lt}e,yes,ZcelEulaWr,1#,oNG,2y>6,Pm,Y,;y?,,cmoe
"x,0",snerNics3,,sBecondary,n,B63,FIf,z,,13,aug,WXq,31&,-1,U?,,zj
4[u,unemplRyed,?bred,,Gn,'64C,n8.,p,eWlc&ar,Jm8,'aA,11W)E,Q,c,,,n<
R,a*m^,,t~rtiy3ary,PtZ,4`t1,8no,,cellular,30,pQc!,1034,-,-DKzJ,0,,y&s
,SmSnageIe>t,m1rGieJd?,gert}Oar,MSo,1j19,yQes,no,celluar,16,pwr,4`B,",y",1>50,We,failure,sMt
F1K,man^gwment,mdarr.ed,tertia@ry,o,4~v^6,,no,llcla,8m,ug,2b7,,q180z,Y,suNccess,3
30,maangem!nt,mri:d,trtiqary,n,18E,+z,,,14,?,,jr,,,,n
Vr31,bl(esjllar,aHCrried,pmpr,Fo,b@BR@9,,fno,celuular,,a>,9Y,y,%,w3(l,oth`,z
cr,tShnicEiian,sW1lye1,,ny,|5C,Te26I,no,cPllular,17,,9w,H1,57,2z OsA,f:aure,l5
,stude?t,singlhe,,,1y#,/2o!,\o,,",4",s`ep,62,~,#H(1,,,no
66,"""adOKGn.",,sconaVry,n,4f041,y1El,-9n,ceolhuar,41,jun,:w9,,-.{,0,,"""Ds"
q,,in@kle,s\ondary,ys,-,,p>eds{,cellular,,ju5,O837,F,,~,,/no^
>3&,blue-c|ollarV,married,!seonKda@,Q4,;0,!,n<,jllu]Ears,R,m(,8^,X,-1,mM},,Po
Y,entrenyeeur,,q~opndary,sU3,27624,nGo,_o,elepo2n,,Yun,Yza,+1,k,>,,Vye<s8
0,b'lue-colar,divorced,gPima;ry,0s,x1e,,Gngo,,,mTm,1458yJ,jK,X$,J#4,,noH
4,BmL%anageEent,marr#d,,-,/1QHw0,n+,nFo,ce3Bular,t,,1a,v,-,n,,k
,tj`c%nicia,PmaraL?ed,"!secoqnd=ar""",,,yus,ytwe,elephone,q,aTgi,6A,,>+],F,,Xo
,services,marie>|d,tsendarr,nM,,|nT,n,"ce;lar,",,u{,,AP,U7,S,,"""n8"
(+2,amiC.3,sikglWe,terNtiary,;,5n14,y*,=X,,m3,9y,1_34,u,>-]1,N0,,zl
Pv,mangremeYnt,sgl`\,terdiary,no,13@d,yes,no,c77lular,5,jh,17,,,P*,faur,#k
40,lue-clXkr,magried,poiimac4,n!,,)hF,n,,G,`u,J4,J,p7,"""",,cbUo
42,te~Schncian,CLg1le=,t!rt6iar,n&,-411,y(z,`o,cel#Klr,,u, Z,I,,,,jw
p,blue-collar,inle,"sec0nda,y","no,",4D1,&o,,celular,u,BayF,115,1_2#,,0`,,no
,unemployed,marriwd,second{aNy,n,RV66,n,"""",,"""S1%",=ulY,5*9,,-M@\,,,
)2,"admcn""",sin3lC;,eco0nary[,J,s-4,yt=,,mAeLlu/lac,1b8,no,1*P4,{4s,U,2T,success,no
3Ou,w^amin.,Hn4lJe,secnda/ry,;qno',s8,Pye,,6elloar,,r,mI8Z,~,-mX;,,,nDo
H4,tchnEciaxn,mIarTed,sc'dary,",",,I,Rm,"ceYll,lzRar",6,aa,1/H,,1O,G,,n
4D9,blue- 0olair,muarried,,Duo],rJ,yN25s,Y1s,tel-ephone,b,Rb,1q2,?,,,failu3Ke,Hno
&,manage:nt,single,Sprimary,fo,<<m-c,yes,AImPo,,_,r5ay,Ljw,9,-/1#,#D,,no
3,;lu=-cJoFllor,#arriev,secondary,Rvno,*[10e:k,yes,no,,x3,ay,159,3,-]P1,Z,,:pu
1,adm(n.,,"t}riar,",Ma,"6,8",Xy,),cefle0uTr,,,89,;,n,0,,1
F~;,bCluW-collar,marbiR@e,,So,7.1,,V\l,,y,may,P1O,\,4W,H,,-n7O
,entepreneur,ar{riw5edJ,seco)a,No|a,,o6,ys,telephon,15],ju#r,341~,PM,S1q,oH,,n
y,se/vies.,maie,p(i3mar,n1,x9,e,`,,;],j]un,ME3d,Cl,,C,,}no
5Y2$,blue-czollar,arr;3<ed,secondLry,M,D61,Zls,noE,,1X,ms,&74,s,+|,m,,k
435,cB0icia,divorced~,scodap,nb,2=57o,+,no,cel}ular,7,,m95,X`'3,$|,,,
050,terhoici,kGrrieCDM,secLonar,,2Z3,nTo,n~,,r7#,mc,9s,:,-o,,,no2
9,lue-colr,mapied,}Fprimrary,%<,#@43,vye,^<,vcellar,\M2,ew3,,,2H6R,3l,,n-
,m*angme)t,gmaried,tertiary,n0jo,>2641,n Xt,nmd,cellulr,,aLg,!10w0,2S,t1,<0,,mn
45,enKrer+reneur,Xsigb,Gerti,no,1678,wNn,n,,,bunR,133`,F1,T,,,
3?,,marrCe,secondary,no6,@W,o,T[,,,nu,"4""X?v",Y,^-Z,r+,,3aog#
X,be>olla`,mad,se3rndary,nAo],-x,K3s,,cellular,11_,8[eb,253,@a9,17H,"k,W",su[cWs}s,y1_
.0,(lug-collar,sinygle,secondary,6M,gS7;4,o,nD~o,@cellar,45,,11,"s~""",cB}-,ug5,,nod
E,dm~nd.,*rrie,,,W/K,9ro,y<,,",#17`",ov,0|$d,12;,`'),(M`,,
50,entrep\?eneur,married,primry,a,em1,aes,,"cell,au",22gho,apr,&_,J,<Z,Q%0,,no
E,t7chnican,$aried,,niVeo,232,~uo,nmo,e*lFlr,?,6uv,90,E,f,,,ng
G2N,blue-collar,s%inQle,secokM;ry,3wo`,127,yp,a,cIella,'jK,c<a,1n6,,5u,,,uo
!\,blue-collar,mar3Jied,secQnTay,V,H,e,Gz+o,cllpl,5j,ar,Wn4b74,nL,-1,1a,,^no
t3QH,technica\,sigle,e@cond[ay,n,-4%5,6s,foi,,){,pVm,7(3,5,-,|,,~nB
3,blue-collQr6,^singile,secdnLary,o,^sH,y',n*h,celluac7W,=,my, a,1,O1,0`,,
 :(,blue-collar,mDard,denondary,Dnh,-nj,,0w,,Zg,kmy!,3z,uS2,-a1,}iF,,o
68~,bilue-collar,single,ecPn 3ry,nho,[&4d,yn*Bs,~To,cellularY,B,uCg,22d,2$,-1,,,yqs
V6,blue-(colam,8%arqiNed,,?n#AL^,S|1a03,u:,,cel:$ula,e,pGr,2B79,=,P,"""",,nTp
,[tudenyt,"sidgAle""",secondary,,S=<,\4,[,telep;zon,18,mMay,1L,3r,/7>4,N,oheY,'o
36(,m1a5gement,sIinge:B,5ertiary,\no,2z47m,Ho,no,,v1,ma(,354V,,,,,
,,marrier),secondry,Y,UU,k4I,-,1Y_llular$,{{L,'vEGn,,,L1Q8,n,otne;,Xd`wo
3,scr6ces,vosrc]ed,,!,q,nqh,b`s,cellular,E,,F13lS8,t2,0O1,J,,o
55=4,sel-emp^loiyedO,married,secondary,,3&27,,>,cjlular,i,Anug,686,OP,KI-}~,0$,,J
3F,blue0-coular,sPingl,sPLondary,nn,U-7,ef,toJ,cell=larS,y6>,may,~27I0,4,,x,figce,no`
j;3~,adnin.,sjEnge,ecdnda(y,,,Ce,s,"c,llul~ar",ryL,mLwb,,2JN4,301,,failure,ox
341,"blue-coll,aSr",single,spond9:,n ,f56,e0sb,N~?,cellula,x,yKO,2V8,Y,"4""ZA",0/,,9|o
47,manageen,^arr?izd,secondary,no,-5'1,",ye",7N7o9,Bellujar#,g3,ak,j8,Co,-C@1,x=,,no
,"mManag""m\ent",married,tertiarcyY,|,(18,)n,n,cel9ula_x,oh,n+v,Q 997,k,{BG,t#,,t[o
I(,mnageZet,maWrriS,tertiary,no,,@Y_,yaf,4elNlular,1,,141,1,(1,<>,,"I,1w"
.G37,sergvices-,si5g3,s<$conwry,,|115O,yAA,&,cellula<,,!,s1i,,,k-,failu>rK,n/
46,ousemaid,riedlc,*mary,z,^82,snoWr[m,,cl3llu7ar<>,18,j}ul,*0,p8,L,wG,,%no
33,"/dmi,.",dAivrce,seonda}ry,n,140,yndK,@o,, J8Au,p7P,139,,o,0,,no
2&8,YAmPiIn.,+ar4i>e,tere9iaNhy,no,1O,,ys,cellular,y,fg&e_b=,,2,f,Wy,,
51,re-Pvrd,amaried,+primary,"""M",v9,^esZ,4o,,!,may,,z,#1,H,,nc
{Ey=33,blu]e-colM,sin7gp,s[econdary,/noL`,1n49E,<%esd,n,,ds0,jun,a)b,25,v,6],,nr
,admien.,marind,secondaIy,no,912!,J,?,ellul.r,t,-u,Q1l9,3'^,>x,,, .&o
nY,managemenF,mabrri;ed@,teKtY=ay,S,k'14,,(w,cel=%Zar,,<pr,~,1,-912',,,no&
6k,admin.,sinle,"tertia""y",o,153,Oe,,-cellular,,may^C,,,"""2",8#,thKr0,3AU
_,blue-colar,marKid,eo0dary,2o|.,3u ~4,$Wto,y\,{ellular,,)u\{,Mi,,1M>,,,
5|/31,techK0ia,,secn Bary,,,D,\,cellulr,20,,,lk,u1,.e,,a%
0,blue-cSolr,ar`ie,secondarh,*7o,17],yes,y>(e<5,,,mry,2(3f,VC,-V,mm,,S
3b,blue-coljlar,singe,ec}n7dar~y,,5',myes,,oellula,916,apr,9;,1,31i7,2$,failrze,O
N,te7hniciaR,diHoce{,seconoay,d,P147,yes,ykes,cllulAr,2:8)8),d7>uW,j,3u,-,;T,,{
1Z$,,marrie,ec_nAdary,,17x2,"no,",ro,celulr,|,,(31,v-,$[,(,,4vo
-9,b`*%ueg-ollar,ivorced,,no,2A56,n=,no,ellc]ular,2|,n:`o&,163,[5,"H,-?",&a,,;o
~4,servicFs,div8orced,s.co`dary,Bnb#,W10}q,V,V,celular=,18,n!Iv,11~,K,-p1,C_,,kHn
x,technicianU,marrLied,sPtco\(aryu,o,,*ye&s,Bye,celm]3ular,18,n7v,),f,U5J-1,0W={,,
31,blue-colar,,seco/nary,ao,<|Y,,,,19y,Pay,,,#@,,,7
5/,8blue-^cll:r,married,-pYmOry,Mn,8*W:,]7yg`s,no,,1Q,ey,,18,ay,,,enz
z,managment,single,hertry!,jGa,5S6,&o},`o,"cel""lular",S27,=>ocNe,4(1,^2,,0,,5
29,bIu-ollar,sngle,2econdary,XR,2M80,,i,,M2,ju,7),,-1Fv,c,,yTbLs
,retired,divorced,terir_y,n;,VO8,,yes,Mellul}+r,"M""2t@}",a+,854,u,,|0,,5s8C
<8,unemplfOye,/fr6red,secodary,0o6,Z8gE1,yQes,~,telephone,,jY,M13L5V,XSe,,T,,P
3zZ,manageKent,3ing,PYi~ry,h,-38~,o,no,cell6lhr,g2'r,gu%k,0cf,A,d-$,%V,,o
5-Ad,>services,,econdr,V,\08,y?es,)J,,Cj5k,fIy,u5O3,'2,1xf,5?q,,
@48,entrepre-ekur,marriJ,secondary,,,bs,1,,W@v,`,,>,*c,?{?,,d.
E,manamt,~arrireyd,tertijapy,dn$o,163N,yes,,_elh)r,<H,Dpr,at3,2,261,U3,ilur,
7~,unmlo@yRd,arried,tehr7iary,noS,b]9,,e,,M2M,W,2OW,u=5,,,,xNo
XJ5,unemployed,"mafrpri,","}r""]ar",IZ5,A4KZA,lyeIzs,;,,e5],%_5un%,,o,,Qkz,,D
M2-,,,pr ma6,no,Rf*54,,nx,Ccelllar,1<6Z,,Cm0,b,kN,8]&,,n
([u,,,Reconda1ry,go,:31}*,79ow,Dno,ejllulr,d,mMy,,1,NSX,,,P/
a38k,mnaYgeMnt,di='oXred,trtiy,zQZ,{1N84,1ye|s(,,,,maWy,2{6;,:1,-1r,>,,e+
31,ma(agement,sM(nglpe,terriary,BJn`t,,s,U,cellu|l|ar,ix,jul,a2j},S,@36Y94,-3,ailure,yN
,anagement,singl,tertiar,,12 =A+,",o",>8,,_x,j#n,3'z#=6,y,,G;0,,Vn
,oamin/8,marred,seHcond]Pry,8,734,&n#,o,cellul4r,2I6,Wg,,.v<,"-,|",0,,<V
u&3[>,managnt,siVgl,tetiarjI,ny,,M,,ce#luar,,,/5FB,b,182n,,f~lur*,nk<o*
y;e,addmin.,sn<,Fecond<ary,xNno,,ye,yes,,1a,",a9",4b,,,0,,
Op31Z,am)ageHenk,,tertia{}y,nZoo,1;,ol,8j,cellular,w4,H%un,1161,,9l,\,csuccxss,
37,2lue-cnllar,single,seconary|,,1@v1,TO,y,celular,Bm,f@Mb,6|`,2,"7""",P,nailur2,n
T%_2,tecshnician,single,e1tivrq&,C!o,-Uh,,,c<llular,,5eioZ+,2.8],,a{1,,,no
_i]w,technician,mrriGd,eo?ndqr,.j7,i,DS,(@es,yellulNr,4,feLb,%59(,,h260?P,,kfiilu+r,no
{;8A,stude+n`t,sHgl/,'becIdary,Nno,'4-Q,y2s,no,,14,{,,r,-,S,,noo
37,entrZeprneur,mrrid7,secondary,n5,-18H70,^yvcs,n,,2C88,ma,%,#,,^0,,To
3,unemploUTMb,Dmfarrid,,no,,n,o,,H>,fzb,7>9,5F,a[<1&,0X,,
4v,,maiejdf:,secondary2},,XT6,"0yz,",PQo,,8,.@aO3,1Z,,,S:B,,]n
",1",entrepreneur,siG+le,HterOtiary,,37,`,o,,,,28^1,SR,6Sr1,wQW9,,no
,entFreprkenBer,divorNced,tertiary,<,1148D,,"Rno""",oelul/Ir,1y@, yf,m61,,,,d2ther,
IX3,ser#vicsq,"sMgf""en",tTetiDry,Eo,,eo,,c-elular0,f,ju-],F.,r,-1,:,,yeg
30,technician},si49leu,,(},l,o,Xn],,,2jP,1)516X,0A,Wy1;,S?H,,~
3a<,tehniin[,,tertiary,u,9<]z5,es,Unlo,clSlulKr,2f6,af6N,+H,1,11{,`L<,ai(u%e,
Mk,,|arri4dq,secDndZry,WH,X-1t1,0,yef,celluxwar,?,au4g,o105,,-n,0,,
l,manag-emntf,single,tertiary,Un,1995,yes,no,,, B,99L,v,-X,?a,,no
K,[exchnician,divZrcrd,,o*T,<17,ys,no,cellular,8,am,364,D,3]~5,,falure,
\32,amin.,sngb]e,se`n<darzy,`2mvo9,153T1,yeqW,,cellRl;r,P,er,,{,,,succes*,
,managemen?,m8r9et,telrtiry,,,o,nI,cellular,,um,,.,V_,,,?Tno
.[,admin.,mrr.d,secon,oQ,488,nF ,ysx,8cellula8U,NU,l=<5,',",",@T,[,,
40,sef-employed,mrred,,,,|w2,(, l;(lar,h1y,*Cbnov,p2,u,-1,,,So
t,self-employed,marr6ied,vtertary, ,1J13J7,#B,On),^ellulr,w,japr,n*,8>,P,MY1,,nf
,a|dmin.,single,secondaVy,, /5,s,,,M9<,mUy,174b,c2,~,,,"""l!"
41},"teLchnii,a/",=-_ied,secUnAaGy,n,{4K%3^X,y&\s,Yo,,,Pafyc,$2<130,3,;,0,,F
G4=,adi$,\ar3uied,jecndaty,-,204,yes,,.cellu ar,,{,z?224,2^,`+1&,H*0,,yqes
Q1o,lanagemnt,asigle,"!ter2tia,ry",n],),Ygyes,b,cP9llular,6h,eb,1#o8,"D""{",>2,?,s)c-eh,O
zg,enItrepreneur,married,eco}ry,,,,3o,cellul(r,"""",jHun,B8,`j,u\1X,,,s/es
7,rhere>,maq.rrKed,,g#o,,,Bo,telephone,,7sp,, f,B!)1,n,,/es~2
5,technigcwian,sWgl,tbrtiary,fA1,#,Z,%,Jell7ular,,Vaug,113.,v,k1,+&,,no`_
%7,,sianke,,nt,(6,T,L,ceal9ula}r,a,.jW,i5,"""",i,,,hyN
5!,,m0ried,@erniary,%n:,e99C4,f,0jno,celulzrj,8,se,,\,3T70,d,vfire,""""
5#,housemd,arriV,pi@mQr},;,,es,'Js,ellE!&,g0,ag+,]52,r<,k,2W,failu]e,eomx
Fc,,mparred,secondary,|,a0[8,y,,cxl.fuOjar,8<,P,,n:3l,-1,0,,n1
5i,entrepreneur0,,econdary,nz,ZQ,es,,,2,j_,184,5Z,l,0V,,na'LE
3,retXe^dE,<arriyOd,,<]o,,yes,,xelllar,18,nov,1b/80,W,1/]{,d,filKWe,zo
,=mna4gemeCnt,divorced,secon\vpry,o, 5',"""o",z_,cuellla7,,i2,0;2,vI,-1,,,T
,adpmi.,'marrie,,a,8304,no,6o~,fe(Blular,S,"s""epC[",G|Un9,=[,92,.,Bsuces,ys
33,"t,echniaian",xingSe, econdaYy,n,&99,yes,SoR,,Q,n,V,v9A,,g0,,:&bbno
e9U,,"s""ingle:tN=",secondaTy,G{*,q,no,npJ,,x,j,W2E,,-,H,,n
XId,umn/emplyed,ivce,second=ry,no,"446""8",y}es,gr,,,yy,XnR,"""",*,Y_,,
",",,sJingle,ecoQndary,#,1vR2+,y`,',cellW1ar,y,o,,,L,m,,n!
P(,"7dmi,(",ilnn,teHtia'y,:no,5,o,kXCS*,_elluar,,eI,t,L,dH,,ilur8e,go|9
TY,adqin.!,married,eeconiary,,12226),qe|s,nVo,cqlu+lGa,74,no,96g,,' ,N:,,o
]d33,ti.,mrri,kteria5y,nYK,@2>5,,&Q,,f%,jyul,1`&56,Y,]1l,,,E_o
4x,blue-collr,ariCed,,Co,T118<1,f!s,Ano,celKlaau,_m,fe,",1yv",s2,1%\|C9,,sXPcces,
g,jt1eYc#niciaa,inglei,se$ondJr,M,{518(&,yNes,nM,cellula,25_,9uTek,=,12,-f1,,,6nQ
r55,,m0-rrie(,tertiaCry,dn#K,Xg,yE,yZns,ERllular,.,sMp,15r,2,}#GK,vTO,,no
3,technician,bnge,tertiary,n,,yes,L,,,`y,5.0,a,-vj1,"""2",,.
Xi,t^chnician,"mR,rried",sconU%ary,t>L,i0%,Kyes,BYZ>,,)14,ay,],)8:,"""/1",",",,
j,srvicel,marri7%e,primamy,noa,2226,V,yes!,,@J,iy,p5,,(eR,,,
3i,t^ecThnician,marrie,siocon3dry,Hn8,X,ty~s,tokv,celular,F9,aphr,6J,,ux40,9im,falr,4
,,argAied,,Fno,P,n,Vy)s,cOKllular,$4,jtl,[F,R,E,|,, 
31,,sigle3,econdary,no,4KL,yQusP+,nP,,,a],=38q,+,H,p,,o
['6,mnagem9t,HhmarrbIted,terti~y,X6F,D3,yes,r5,cellul4ar,BH,apr,55UpC5,,h-1,N,,yWs
X0,^dZn,s9ngle,9prlarYyt,f,6Gt086a,,xnoq|,Be>lluCar,y1Di,Bay,23|,;,180,207,scceKs,yReQ
=,Cblue-coll8O0,divorcdd,,,#/J9,3es,n,celllar,,:,118,,-1,B,,no
v1,,rr1ied,secondEry,Zggi,-664,eF6,y.N,celPlPlar,1H,ma,g85o`,4,M-1,2*,,ndo
99k,"lueVcoll""r",siYle,"se,ondary",B58`,1n,ye,CU,ce0luilarz,11,jR,,!1u`,-1A,2:,,nK
(,blue-collar,mar<ied,1sZeMco8darry,n5o,45G5,B!o,,cS+prlu<ar,f7r,sul,+5W3,,s-1,,,ye-
{$,,marr'ed,secondary,no,1Jl,o,8,,$,m{,3ug,,=-X,M,,o
<,admin.,married,secqndary,o,953,Lh~s,B,ceKllylar,=1,,80,,a81,f2,,o
O3|&,Jser1viceL,s2Jgke,"sec,ond[6ar",Eno,6@!H03,yPes-,,cellular,f7,1aKT,]1q5,F,319f,2,gailXue,no}
XM,techCTic@a,marrnd,secodwry,,112#,l_,z{81o,tlep0ne,"""4",may,,4,SZk,bJ,,o
T:0],se[vceT,[marred,secondyry,no,,yes,{no,c :ular,d71,f,6|sD,,,v,,e3s
35,bxlue-5ollaq\,mdried,secondary,5o,36:,y=sLn,nSo,oeepGn,20,ipr,2 R+4,^,1521,,failure,nos7
"""49$L",but-collar,,second*Sy,oa,12C,n,,cl3+lavr,xr,24AV,!s=,u3,>1,0,,8n
5h4,management,mnar'&r;ied,tefrtuary,e,"l03""",,pnCo,,K,$Tj, 29,3,-1,n0,,_}{o
,,wa/lrricd,sondry,N,,,n$o,,;6,j;n(,103,Z,X1,,,no
1,,mxrried,,Jor,4w2,,B2,tel4phoneD,",",jGa,,6:25,wa2p,V,,[!
3pa,servic&e,s?ingle,'ecnda`Q8,rn%,-m1@b,7s,?U,,1o,8<0yy,'h4j7#,c,-,/,,8
1,unemployed,,se'o_cnda,,w0,,4]o,cell:ul(r,71,Y6,17Oa,y;,x<]1,,,
@34+,blue{collar,mar ried,pGiary,o,S157,en;,Xo,,+,,N1,17,,;V,,nw(
!34,echxcian,married,seonary,no,1i2z43,(o,rno,,,,88,,-,0wi,,
36,blue-!collar,mar<ied,"se""dary",e,k/70{\,,,tnlepho9e,21,CL+Av,V)!13,K,F1,,,","
-ck,management,mrri~d,,d7oV,54p31,y#s,o`,,9i,fXm,oc7,,DsS, q,,>no)
,n'PrepreneuZ#,s6iglW,teBuBiar,ex,,,"hJy,f",,}7,ma,3,,,,,
|6,ent_e9prenr,marixed,,$es,RN, el,nY,,!\,novp,20!3,`,-<,S,,nroN
51%,enCreprenur,single,vtetary,yp, 50,"h,o",nnoA,,}1,Y,l0N4,,{q%1V,_,,nMK
47,lue-collar,married,secondary,no,8,Ro,bZZ,,,w@,64,.,&1,,,ho
5,,Omrrid,sesndyry,n,{vz4,yTsQ,nfo],celllarb,m[,f?e$,15NX,3|'2,{189K,,faiLlgjre,n
y,manage4men,siNnIle,,,4&,no,>,cellular,t;9,N&an,18b,*un,,Uz,,n>*
B;2|,admin.,"m""rried",secondary,o,(5,;1, v,cElurar,11,i&!@,1Z.85,2),p,P0,,oo
,entrepreSne(r,,seodapJ,nor,285[,"""o",nzo,(celular,AZ*1,aov,1P(,,-&8,0,,;W
4L1=,blue-collar,)Rngl,5rimtary,,:,ye,3nL,,9,myC,4q,,-11z9,0,,
xP2,,marred,seco?dar,,24d,yels,0,cllulr,a1,Ip,29a,b,275,2,nailr,
+2,technic9an,,secondary,,RV,!no,ODo,es|l>ar,=18,ag,T,:,-,SK,,l
39>,managemeOAnt,m4rr@ieW,"M,econdar",1no*,,s,nJo,cDluay,j%v,a u?,]k,21,cD,S0,,n
,services,married,seconHwary,n/o N,21u8z,5F s,no,,21,?Xay,"70,x",.\3,|'1,,,oLD
kv,man>6aement,married,tektiay,,B;97,yes,no,lubar,L6,I.,Na,5X,-,J,,wo
,se~r=vice^s,mrried,q9;rtia y,n&o,?58zs,yes,yes-[,,20,map,7s=,,,,,N9do
,bBDe-collar,sin.gle,,no+,o73_&,7,b3o,,#ys,6ay,Oq,3(,J%,Qy ,,no+
Z0,bDuC-collar,tmarried,secowdarN-y,`5,U26,nH.o,o ,cl>;ular,,,,O9,n-.,({,,B
y3v6,"blue-c""_llar",zmavried,njseconar:,@o,1x9J8,yes,GR,,a9,myj,,,,#~,,*o\ 
/,uonempeloAd,rrie,secondary,nm,23j&,",o",ABo{,ellular,22(,aZg,R5,|1j,,0,,
,technican,dc}rce!,trtiary,n|@,y-,Des,(es,dlular,d2,,734,4i,<1x,=,,n
50,=rZeti2ed,mrriheyd,HrTima_ym,=f,,"""6T",:,,x0,r,L,eW5\,#-1,{0,,to
g',bdmn.,=marr&ied,seDcondar,um,1~7r4,ye2~,no,,R,F,4N{12,x1,-1$,,,
4,Eqchnici[an,,ZecondarIy,G,78F2,yes,nhl,cell1ular,174,jul,m,{2J,-,N,,|o9
,te+hniia),m8darri_jd,econdarY,y,351,esZ,nt,telephone,n,aug,U15,2,gY],,,{-o
>3+A,m:aPnagNemInt,,tfrtmizy,nGS,p5,es,?r,,2!3Mwt,}may,FV,,R-1,)X%,,Io
SN,mangmejt,Nsingle},,o,60b'3,hyts,],ceollu`la9,,,%2,,T,0,,yMe
L@,blyue'colla,maried,scondary,jqn2,kK1s,yed`s,n,,6,',8Lxe,3y,c!>,0{,,o
52,blu-colar,dRvrced,,x,`o8,l=K,y5,telphone,oq9l,uJ,271,*,rVi,,,J
5j,ret/ed,mDrried,]skefondary,Rno,,y8,d,,K,maw,f16,,6n,,,<s
E,Plu-Jolar,7jmarried,,o,?,>noF,ys,cellulaI.,f,jl,B5,>$,\-c,,,
6,,&ivorced,,\Zo,aHh,$n,S,ellulr,,1,,',"60""",,tn,9Lye(
x6,mh5ageen t,singlep,,Ino,C,n4/oN,I@,cellular,/Z,jc,0s*,v^1,bA9%,M,su] css,AeY/
c~T,lue-Ecolar,married,sec5od#arOy,-*,,yvs,ye?~9,,cx,un,239,T,N1, 0,,
,-.service,dv-orcd,sJo>dary,;,)m4,$eds,!fI,,"10""",,12\c,,>,L,,nFo
,management,maFLiR[d,teMria=y,}}o,,/P,M1,cSlOlar,#,ug9,90T,,g,sT,,""">yus"
,admin.,arBiePd,seon@dary,,,yFs,+nQ,"telephnn,e",Dp,vv,y,,ZK,>,,nwo
1,retSired,mqar)id,eecodarry,A;o{,,n(,,celXlulab,At,ov!,{1-3~18,1,120h,95,,n40
2,manbgemxent,single6,,"d""o",264,qs,Bo,,,may,EeR1/1,k,-1,04,,
l4,aaVgemnt,arre,tertidary,";Z""",K0,n,boQ,"c=_ellu,r",2Ga,may,"1}g,",1,F, 0,,Y&n
34,blue*colla),mha rred,pgri+aryB,X,O1,ly^e\,M,,17`k,jul,546,=#U,h-y,0,,
,managehent,divorced,,!,,R,n,,?,"""u",11Q,^,%1,z0,,"wo,"
"""i",blue-collar,sngK>\h,scEnda*,y>s,=0F,?ecs,},, 2,wu,,S,$sS1,$,,']g
32,?n}emplfoyed,sXngle,secondNr^y,o,67t,n'P,h,cell5lar,,$b,2-,^,f,X,,qf
,bqe-c+llYar,kng:e,,no,h,yJk,9_I,,29,,24o1,,I,k0,,o4
,mc9nage~mYt,marr}i,sceconday,nF,n,,n}x4,cellNlar,,p,6B=,,r1,F,,yes
:42,se&rv-eLs,ar~rlked,trtViay,],,gbo,x),elluKr,N,awg5,i0%00,,,i,,no
3r17,mUnSagment,m<arried,trthCiay,n5,,ye,nc,kcelu$ar,2d,Sju'ld,137!,16,-1p,;,,nx3
,manage8menK,,'e;ti{aryl,4no,5j,",",q$,,?,jpu,28I58,n,-,R,,no
,mLa!nagemt,marre,,MP,",-1U*<3V",,ov,,b',mJy,}:,2_,-nd,90,,dnom
,admin.X,aried,'tertiay,ni,@7,o,nso,ellular,$,j uls,N30,,,,,%o
4*9,maznagemenD,s{gne,tertiahry,?,58i,"n""h-",',cellular,,u,,|Lp,g,S,,J
329,housemaid,mrridi,sI}c~ary,no,-146,g{y}E,e),cel`elar,v,"aug-,",n239,J?,j1,>,,In
27,aa*n,Umare,tertX<ry,nEo,73,F^,n,c6elar,u0,|e,,1,,N0,,yOe
d=8,technic9an,dv]orce,"sec,ondary",&9o!,-123,nYT,/5,celHlar,5,,1d1,,G``,G,,J
2,housa,m6rri_.d,,nao,12gX8,no,Zn1,c<llular,#,aug,42y,@G,H81,0K,,
m,lu)-collarT,marjied,E|imay,,vfa,yes,,BceGllular,*11,.av,3#13,1,69c,q,fil9Prev,
mJ7,,maried,ter.y,OA,R8,,n,celGlar,<!,art,.%,3Z,,0,,eye
6U,techncIn,<single,seconday,Q3,2Yd,s,?no,TellRwar,Y8,aa[g_,J7<,nv4,@mt,)mP ,,_n$`r
H41T,ent^repreneur,marCried*,tertiary,8<[,30;,"y ,s",-\,,yE,,w2,o,7*(1X,=+,,
n,1Oervices,ma:ried,,UT,5Ux2,Ts,,cec&lular,d18,,278,b@,a,,,zO
3-p&4y,dmTns,single,se. ndary,no,E(q54`,,WL,,"8p""3",{a1,313,1,,,,@Ho
S,retired,div.ce,sec^onJdary,no,95d7V,c}D,,,,$,G/,4N,,l,,ny
2,echnic*an,hiUgle,se$ondla-y,no,,yLs,,,P7,0FU,m,u,,(,faiure,Je'
X$O,+Alue)colar-,\s[]gRle,teria`y,no>Mn,9#,IDoe,no,clllr,H,~ay,67,Q-3,z+,d,,no
,,m-erie{,pri%Lry,no,1<5,"""(",=1b,cllular,1#,,[7,e}7,*,0e,,nNXI
a8<,blue-coular,mrrieY,ar)ark,o,3034[,bo,,,A,Bju,4vM<,?Q3,"g""",0B,,no
,,,,<vom,4B2,yes,Y,c yellulXr,D7,n_v,359,>e,lM,,,no
6h0,rti-red,married,secondary,nGyo,2}6,,o,,j,j7un,?0,S,,,,
4O4,blue-colar,marri_d,primaryV,2,1i0[,yK,O$![,,{by5,u,[M41,,AQ,$TO,,F!n
29,2lue-c~ollQ,marBrieBd,sWecknga,[,F,"Re,",,fSllula,e,TDjl,*26,,-17l,Cm,,3G6
$,houemid,1marr\ied,{=rimary,@m,|=eG,p,\o,cellu8lar,",1f",aKQuLQN,`9,'r,"-""1",0,,r
(,services,ri,,q,&<2,,rs,evlluu#r,Ju2 B,Vlp,144,"""G",@-1,f,,'
X<,manage_n,mtried,tertirary,n,"""1t6",%no,{,"""cel{lu7G7ar",A,jul7,,3[,QY,0,,An
4GO,tec7Ahcia$n,d7vorced,tYerU+iar]y,g,-{243,no0,4,cel>luQa,`14D,30li,,,O-,h,,
3,techniwcian,sigeeh,econdary,^jp,5eq,yFs,,,(,nD,4~s,@_,-n,",0i",,n|to
u;9,nagem__t,arried,ter`iary,=o,2-35,-e%sa$,n,cellular,5\,a)W,15y7,"""",-1,,,ou3
X,chnician`,d[ivo*ced@,so:nd4rL,nVn,h,yes,nC,cellulaZ,"Y""",nov,3{6,\6.,:_p,,,
4ne)1F,sechnici|an,marrwied,wYsecndahry,n<,,yes,ys,c9wllu/lar,21,nv,wp5n,W,116,>,failurX,no
3,zDanDgeOet,sinlle,tX`4ar,nHo,201j6,nno,}oo,celluYr,Qr,wR,,1,P8,L/,sucicess,5yea
r3w2,b8lue-Ool\lar,sngl,ecnare,no,!6,{z,no,,1W4,(2a,Y,J,,/,,Q
,b6ue-collar,,s>condary,],750,esx,n,,3,,e6-,,\h,0,,Xnma
2},anagement,,tertiary,,,e6,,"cel=ll,a",),4,2O,$,,,succezs,
2\,kisZvice0,married,sec_onarry,o2[no,,,%S<y]o,,@8@,mayh,x,r1YeJ,,3_,,nO\o
L,tchn^cian,,,85,6E,y8s,u,,,may,t8,,r1,JbO,,<oX
m,tecici9zn,,s{ecodary,"EX,",821,yes,^7,,2v,,,97,-1,wM},,
x,,qs1ingleh,terthasy,no,B-25,"y,",no,,^R]h,^n,57%,n{H,,x,,"J,"
37,management,Dsingle,tertry,n;,,yes,mTno,cell=la6ir,rp,snov,14,N,-,j,,nU
5'yC,self-em6loye*,marpri,ec&iary,nYo,,nJq,nZ,cel^lgular,K*,Nu<g,1TD,F,-q,%L,,98o
+2 ',,m+rredL,secondary,f,Ny-r4e4|,.en,eLno,ce~l(lar,]11+,xmpEa<,Z+4,,1j,,,nHo7
,2unemplvyedG,ma2ried,tri-ry,,529,2yes,eyesz,celLular,RC,y|v,"6I""3",,-1,[,,n?
,,maXrie'1,coBd7ary,,i]171$,,T,,L>,jun,1A4_,0k,-1,@K,,o
,anagemnt,doLced,,SF3,-405-,yelo,no,celuar,,m[vy,24%,0,-1,0A,,8
`,tecni5ciaYn,divorced,secon:daUy,npao.,lc7,g,yes,cellulaa,21,vv3_,412,={,01O3,"/""",failue,o
417,blue-c$lla%,vmri,primary,xo,,}o,o,cellzul$jr,*',,RW,,-1,<,,
795,rK *red,divorc_-,KJmay,,,o,nv,cellular,/9,,1z,,-1,y,,y}s
4,adm@iTn.,m*rriyqd',secondary,zo,3ab~,^,*,cellular,_7,ug, ,4,"XE""",,,rnm#
I7/,nagemt`ent,marvid,tertiary,nl>,525D,ye@q6c,n,,3dF,e,i],L,-T1,,,
Th3^,manag0;e5t,marrieF,tertiEdy,}Yor,ij,yeY,o,cl>l>l+r,,j)pl,8dn5,3,K-s,ec,,no
46,,,p]rimaxry,n,;,n)oH],noX,tele;phon6,,&b,,b,-1,Ow,,(
"""",r'ired,mar>e,prBimarU,"no,",301,Gn:o,no,cell2l(,7(,sp,5ihA),Zn,,S0g,,7
37,selfehplsy<ed,m)rri;d,seon0\ay,u,23;0,HxP,n,celQuar,,n-(,',4~,-0hyH,a,,n|
N,h$3uRsemaid,marid,secndary,2r5,j524,,"&,",cellula ,12Y,oct,:,b},-W,b,,yeQs
,blue-cPllar,marfTr$e5d,`eco;ndry,,2~152,ye#,,;ellulr,,rI>y,`o19,!,j9,w/,;fUa-ure,no
5gA,,dioced,secondary,,E7,5s,n,,J},mah,(04,,-^L1,L%,,n(
y43,management,maarriJed,terDtiary,3p,,b%sP,o,cellula,1k,n(,-,@,|df-1,,,fXxo^
C,ble-coll/ar,single,.e*&ndarwy,no,122 0,@ J,,:cllular,o,%C,/]&0,B,-=,0c,,0!o
,6)cudebt,,Tter}tiary,no,3(4,;s>,,,,?ma,2Ux,Y,-nV,,,to
7Z,m`nagemen,marr_7ed,tertiary,n,W49I,4|,mjo,cllular,21,TYov,16;a,L),-A1k6,O,,{no
50,mana5gment,singl`e,ter/tiary,no,49T~,,}UDP,c\xyula,U4,7a$g,>23,z,E,;,,
r,m9anagement,kmried,te8rtiarOy,fo,2jT428,1e,>,/elular,&,he,84,+Hk,'N1,0,,nQ
38@,sRlf-employe,arieud,rimarn[,Dno,61;8,,=mon,ceBl0-ul4,Gp,xl\,W4,*,,0,,
5m,admi}.,dCUvowrc'ed,secondry,->,@,5J,s,cell[lar,",",nbNv,591,,",1","""T",,.o
G5v7,servce(s,marred,xrims]ary,YG,yv,nT_,,kllular,,,[,A2,-1,0,,?o8$
4%,addin.,&earied,seonday,nioO,kZ,vn,ro6,,,m(p,{5[,gL,,0,,TBo[
58f,blues-collar,arried,>*priar!,%,1231,dIno,no,,r0F,jun,y,3,,r,,no
+,mnag_enM[,"""8rried",tert(ary,,%1993,n,,,,mayG,N'd,!9,"-,",0,,n
A9,self-emploed,2singlD,t1=iary,n,3K2,,ne,c=ellular,,jMuLf,2(,+x,,0{*t,,D
4,adri,svorced,secodary,ob,35;0,Y[s3,yes,,\9,"""}my",4f$,1,-7Z,0,,
,man&a)enenBt,single,,n,112,Ky*s,Bs,Aoelular,oF12,ma_,5[.1,2Q,%\4j9,,fai@e1,W3p
vm2,managemen~,Bspigle,ter+iary,nR9o,N,wno,,cellular,4!1A,may,D,i6Z,-1&,o,,oLZ
(4,r\etid,macrri3ed,seondaxy,no,-nY,o,,,25,,6&0,1DK,1e7a=,39,su+cs},ylY
6,butc\ollar,?rr.ied,primary,Dw,32B0,,n,,.p,jMgn,c81,,@3G,',,o)
 8,retired,,secondary,no,T5@8S,LIes,Ies,celllar,UZ7,R,m,,d1,,,enE(
3,dmi.,m&arried,eTdary,na Le,EM,no,,ellzla,x9,nA,",",A,{,:0,,A
>k,psel>v-eploed,mri%\,priEry,no,72pF,#nt,n}p`oR,,-v,w,$i,,-1,0),,no'
]7,+ecbhni;ciaq,aried,keLcndaryH,no,228T,eD}Nys,ny,cell1ar,,,/27,2,7-m,O0a,,L
I,ret r_d,,tirtiary,no,"4'9,",ys&,yeU,cellular,bJ,jan,.,?1,Rt,) ,,o
\7,by9luevolla1,d05Evore*,sMUondary,n~,J17_e5,-es,oo,,kl1],unm=,-8,L,^-,i=,,"[To,"
,xntrepeneur,marWied, sWcoxndiarye,)o,27sk,r,n,celluIar,23,u,,F^E,(,,,6qn`
C\6[,,$marrrieW,secondaryY,e,3578},q4,nB,telph5ne,,febS.,45, ,-1@,0,,2o
46,blueI:collar,,primahy,,2q78,wo,n|o,ellela,~,8aug,,],-n,NO,,noo
,,vVrIiedN,cter-tia6ry,.oV$,45Z,ye<G,,cellu-l_r,+Q,ma1,>,),,,,n-
,manggemert,sirgle,tiry,&x,L92{*,,,,,,,3,-{P,c',,
r^,"unem""loyed","ivo(""ed",KOsecndary,,38x,Yno,v,teleponeh,c^Z7,"a,",A2,28,-,,,$
Ey,sevices,arrie&,secondar]y,5_6,$,"y,s",lnh,cellu_lar,,Mfeb,"l0(""",V,6P,,,
g}8,retifred,maredo,pYimary=k,%lwo{,,{,`-g,cLel@lularR,^,ep,,1,e1,Z),,}
`3T,~dmin.,AmaVried,s2econay,no,1{,^5[s,#y,cllular,*3,ct,,',-X1,qH,,n`
,ret>irez,garried,,,Eu,`o,,,7<,may,1U5,1,-r,|,,n
JO0,,snVgl4',,no,"277,",W,no6h,cellulaXr,",",<,46?5,{,J81,S,,\o-
,<hos5maiW,ared,secoBdary,D|,(4,no,,%eBllar,Q,jul,,,()YC1,1)S,,n
pc,manpagemen,ar^rid,terviary,V?oJ,1{k179,o,,cwellhular,,,199,h3,C,-ve,,o
A3&,technician,,,no,,Uy=7G,M&,,,a,q4u,6(,nhqx,kYw,,zt]
1,bl+ue-coplay+,ma+J!i9edr,tertiary,nsc[,^E,o+D,fj-.;,cellulAr,hu,feg?,/14,1&,.M1Qy,,,
c1,tEchniL!an,single,tertiXry,,6z,no,yesg,elSJar,8;.,!jul,1`h,,1},`,,3
J5,nmloed,d'ivorced,"s""ondary",So,~25,,@,c'lula,w,feECm,h62,?,-,,,
26,aw{i.,,s&condary,no,+1B,Q}Es/,E',,,may,4(32,:e,-1,0,,nD
,maZCgemDet,YUrrild,t}r|tiary,=GG,g2I,/%e,`Gn,,4],,7f,b,r,H;,,$p
,m{Hngement,marrid,"t,tiTaA",n^,O*1,no,n,b~ellulr,,Ta),u26,(9,-,-,,nG^
F,services,0ingleY,terthry,,35~1pe,yes,nO,,=A9,may:,V,4,-1,,,ln*
7,managemen(t,<)ied,te#tKiar4,"""go",b,Bqol,Yz,celluplar,21,au8,374,v,/,%qp,,*
P34,managemnt,a%rriiCe,ertUay,,(3U:,,,,,uA#,385,4,-1j\,@y,,Gno
48,bluA-collar,3rridz,secondary,&pd,50758h,h:,eo,telLephn,3|o,m3fay,,411,w>,.,,B
",76",bKlue-ollar,"Cm""ried",IQrimCry,p[,3P109,Mc,Z,cculr,,jjn~,4=2,6#n,4\-5,@ ,,es
5.,tchnician,,Tecondary,,^,VS,{,,;,"j""u5T",3{,(n,m1,Yr9,,Fk
Q3y,dm9yn.,glo,secoHndNary,n,25of,yes,Nos,,,jVn,aC,,,&[,,Oo
32,sef-emHloyd,single,keriay,o,-=591,3yeds,,cellu1lr,}Xk9/,fe$n,u22,3,f15,jc0,,8~n
V,maagemet,oAiengl:$,tyrtiary,nR,Z,,$nDHo,,>WT,may,1$1F8,G,LI,,,n
Xu,seyr*ice4,married,secondary,",",L!o94,{o 9,nLno,,t5,&6?|,3k24,,q,D,,yeps
3.I,,s|\UBgle,sec5ndary,u,,7,,,17,apr,3h0,,-%,0/,,o
3A,admin,]a.riegd,secondary,,13T14,y|sh,,cellular,jgT,jhul,330,u,c3,,,o
34,",unemployed",0marriek,NcoBdasryh,Z@neo,14w,je,oes,"cel,ula",,.a,6G15,,},Y,,no
3,a\aemnt,mnrMriedO,te1t-iary,no,t4f.1,n\=z,o,ce!lll|r,2/,nov,h3,:,;-E,0L6,,
U38,beclar,`m=Nrie,secondary, h,,yes,no,telGep(one,TY,",j`",j;,*a0,rT1,p?,,M
\gh1,reti@ed,single,secondary,nKo,050d,n|,no,c3pelluaG,Y,= p,"""",q,%,0,,neL#
3v,manAagement,dipo@edz,,IB,,sJ,no,,,4may,327X,J#,J,Rj}A,,O/s
k.g3t,bue-c;rlAlar,maXrieZ,,sBEn8,*57,ye,,,30,may,99,h6,,y,,h
b21,b%lde-collar,marrie{,prim?Pr,&,,yo9,no,,2],u/P&lv,337,']C,1_+,Y,,no
<2,entrepreeu{r,i|ngl,s)econdary,no|,6_w8>,nOo,yB,,vu,}a;,137,},-o,P,,no
/5,b?e-collar,msrriet:d,scoXdar,,5L,^?!,,,13z,,3$A`8,C,,b,,no
BOIT5,g Aadmn.,lK,,S<,3A,c'0s,oo,,(,@,,1,-1,%J,,`LoF6
,blue-co>lar,divoc{ed,,"""",5@+,Yn;,^y,,@_,jl,51PJ,<w3/8,-1i,rV,,nwo
37R0,seIf-employed,ingf$e,6ertay,n{3,189,,ns,+ellulakr,1o,vQ,U,bn,-1C,G0,,n1
3#,PHue-Mollar,maQrr%ied,secondary,Uno,13q2,,y',c#elluaB,L,,)1|6,;,!37,3,faure,D)SoPA
L426,searvibes,marred5,"se,ndaGy",v}p,14x,eHs,syesx,cellular,,@ma,67wE,,,,faiure,^
,mangevt,married7,"t""ertia1ry",S,bo4,^,n,c@elDlulrV,\W,[ouv,62<,[,rR,#dP,,n#o
6,m3anaement,s nge,tertiary,o,\,noo,ye~:s,cellular,2YN,eY,,,1+9,,aihlvrve,no
E7,aHmn^.,divoced,"secon`,ary",nd,o5,yse,c-.,,,m,2g,,-?1,Nb,,^nFo
:8J,adminx,mvarVie+dN,secondaNy,o,309IY,,,[cvlMu$a,4!,ju.,1p3,2,"W,@",0,,o
5,se3rvices,mrQid,,0,bT613,Bn,,,2l,:au9^<,1b4B,,Et1q,-,,
5a4,unemployed,mrj{5,sHcoIndaruy,f3,255K,no,>8,c|ll>ular,,+,,F,-(6,H,,!o
i]a,shudenX,sinle,syondarm,/4nG,y6u/,to,es,cllular,#45,G,V17,B,"~2,G",m,f8ailure,:ngo
,techniian,baLrried,se3ondary,no,[y228,yes,^l,8celeula5r,,julK,1+6a,0B~4,-1,',,n(p
H,,sznrl,secndary},oD,6),R,nSo,ccQllua5r,,m%y,365,$Hj,,o0,,X
:5,blue[-colawr,married,rar,,2o8,,)X~,,,(!a,"YK,",h,,,,~
2TB,te4zhViScian,,scodarR,n/,u48)>7,Pue_s,,,,=ay,^1M.,U,-B\Q,[y\,,no
34,"tBech""nician",_iZngle,sepc9oqdav&ry,Ro8,6{2,esI,<r,,T20A ,s,5M6,B,-,,,fk
N37,sMelf-emplo5ed,mQarnid,seconar,ne,5a613,yeks,p,cellular,hz<,jul\),%9,,F1,WE0,,
,ute[hnic:ian,maB8ied,,no,98,5,o,cellular,p,_Vug,",4a@0",q,~,cJ0,,`yo
b,7erviT7,divYorZYced,second4ay,no,,,n:),celjlulQ,,maWg#,89,s},/p,-1q,,n
36,!seljf-employed,maqrrile=,}primary,D)W,6j1f,o,(!,cellular,x1,aug,239,,Bs,},,O0!o
,ghousmid,mMarrxe-d,tertiMry,^m,E1292,$VIyes,hU,,i.,my,=t,@,W&-1,0,,Wn~ 
k0,ble-collMar,Fmaried,pprima]y,\,627| 1,ye,Q,cellular,DgS 6e,Q,21y~90Q,,v 43,5,>ai~l=;e,
e,technBcian,,,]o>,kB,no,iny,ReKlluar,P%*,}:\l,1j48d,,-if,R,,_
,managemDnt,",cHried",Ee$tiaYy,o,2d0,?q,nS,,+Z16,s,t3H2[o,L,,i,,$BR
,management,iggle,,^n,863,":=es""",?6,,u0:,GS$ay,@64,1SL,+8j,0,,%o
Z4,mnaemnt,ma9rieY,t@'stary,o,222!,4rye,nogJ,cellular,2*U),mn%v,59:,K, 3'3B,R,fil,g
5C3,dmsnin^,ma'ried,primaru,,6TN8J,noTeu,&nJ,ellular,],a,jt1,-k,,mD@,,
40,m?anagemgnt,married,teri3ry,no,NUz34,7/yesC,yes,,)5,jluQ*,6f+,I, n,Z,,L>Xo
3,adminZ.,single,tertiary,,,yeJs,,cellular,W0,a:QQr,3`,q,,<C,,",s"
n26w6,ad@.,sigla,secondrj,;,-,DyZNi,yeL,,P'aQ,ju,4=4T4,3,',$,,9
>,blue~-co.lar,di\orced,secVonIf_Eary,J(%o,-)p6,,so,\@llula,F,c'may$*,KI51,+,x<35,!,f:lupJre,
co,self-employ0d,&marrli3d,secnndar,Joy,{P,|y<,yes,ellluar,,may,1$6,`~3,33y,H#,"sRce""s2",
5[7,mangemh/nt,'^arried,,@no,,#`@,n,P[ellulr,$,aug,,,{,@,,y3s
(@e,technician,snl,secondLary,1n,709,yb2es,,Ye$lular,".0""",o0ul,441,)-t%,m,m,,nL
4)5+4,unepoed,,guecondry,,56,eDT,n4Y,cMllu:r-,im,mas'l,<195,E,t,&^,,Q
r,management,mareS4,terQiy2,F,,py=Wes,no,,\28,ma,,`C,-$*,,,9=
37,admin.,s*gle,secondary,xNn;o,i6,yes,n,celldlar,fh21,n4(~,|t,,C<6,g|,failure,
{s,technician,,tertiar(,nVo,,no,,teTlllar,#>X6},epo,1m02,<,1@5,OY,success,eB
B`,;ervices,dcmrried,scecod>aryL,I0o%,"4""760",yes,g,4&e#luar,,ayw,R8,2 ,6^,2,fai'lr,
o7C,retired,marrie,"""wecjAdary",+o,8O15,no,ln,~t|elepyon=,~%,[#v,r9,0\,M-1,k6),,j
,eZt<e=eneur,maa2#,Otyrtiry,f>,5k74,,'#,celClulaTr5,jPF,jPul,jf9,6yqS,~-,)0,,nI
rH45,ser?vifces,arrieedT,primarCy,g,@,,eno,,r,aug,19Z,i53, ,-,,no
2,m~8n,ng<&e,sondar,nb;pE,p,{o,no,cellula,B,feb,a?9M7,,-,0,,tB
u5r,techniBiad,i*Evorce,secoVndar/,,R87t,",/s",ECo,cellSl=,g,nv,110,-,1*03,^H,failure,
 5Wk,abdmin.,m)rried,}ecodax/r,Io,,Ues1,ceh,zm}llular,^J3,mPayf,108,,OG1,,,U
l2r,sudedt,sigle},secone|dary,no,17fn6,n,b,,21,Duz,b8Y,r,,,,KnA
jI2,bue-colar,Y8ivoekd,se=onry,NB,|107{,,eopo,,xR,jun,|7,^2i,"""HY1",nN,,
7w j,,married,prim:V9ary,SdtZno,0,y3sa1L,^@yes,,1R>,ju.n,1X7,,-10,g,,J
e,wbluecola~,ma%r)rAnd,secda(ry,tv,"""v26",yiH5,,,H,y-S,gD/,QQ,-1,],,o
,bue9-cll#ar,mar2ri6,primary,,2v,[,{6e`,,H,|d,30,,sg,*,,HEn
4,technMwin,single,sepIne'ry,'o,1877r7,yX,o<,c$e1l%ula,]X,|na,53A5=,,-,v,,no
5,ma.nament,m5arIrqef,trtiarL7gy,n,X19^5+,no,yG%,celIu5la,Q,Fv,,l,-,,,no@z
,,yn_le,tettiay,nl,S01,yes,F,celllaQr,8c,m?yy,3q\,-2#,J,I?,,qKnW
7,mxa}n<gemnt,divorced,primry,)7,'1,,-o,ce-lular,06J,6`e,^,1Qg,,#,other,fl
S,&ousemaid,divorced,pri3may,>,1g38,no,|,,X7},8jun,e5H82,,e1,x,,
4<6,,"arxh""ed",AecondaqrWy,J,HS9,yet,UgTM,,1Fs e,ay,1y,x!,3q6],,failure,no
.0,,maed,seondary,xn,2266,,ooe,cel6Slar,k,?p/ay{,Kbj5,X,<89*,W,,yev
4'5,self-empxoyed,married,pIrima<y,o,1v,>,c,celul)r,#7,C`r,m99,,-g1,+,,"in,C"
,blue-colla,Eacried,seIcondar,,=,o,$,celular,,,1P8,S2>I\0,s,F,,o}a!
,techni%cbinn,marZidL,se^ondary,n,=D272`,[@Mes,W,,|8,Kep,+,2'2,WD,$,uilure,6o
,u8ml8oyed,signge,seco;dry,n,1^@98,,=a/;,"cel""ular",9,Deb,2k2,o,,0,,nX
5h!,entrcpreneur,mrnrZedi,secodar=,QHo,,<ny!,ntuo=,collCar,3sg1x,",nv",1;X,',,CQ+,,no
51q,blue-collar,mrri5ed,"r,mSaBy",Hon,U,{es,AL,zlephone,1`,juh,"1""2",R,->s,},,44no
,mna^gemeut,/arvre,trt>5ry/,no*,r,noV,,cellJular,,mar,305,,,+,,yhs
{,adin,Einsgsl,scoaVy,o!,y57m',":',",,ceo>%uar7,"1""",lcpi,"3,",P|,i,R,fclXukr,yes
2,Sblue-collar,mrri!ed,secfondry,LocH,FD7,LeEN,no,Hellurar,19?,2ar;,N-410,b,d@,,,o{
3/2,tecSnicxiWan,EsiFnle,tertarI,@0,1i:5,n3#G,no),celluar,Mf,,8-1,",",-%%,.,,YtS
3},EmanagtemjNt,Fs5hinle,,2,1!,7,,cellula~,1\5,pKpr,1b,N12,pb14P,o,M'othlr,N
,}reti<ed,single,tertiaary,n-o5,2\1,TGo,n~0o,cellular,d,,%08,6Sp,;6,,s8ccess,ye
5Z,ad'mii.,ysge,secodaQry,,D304,p,:nz,,1a,,523/, ,G6,",n",,n~
3,anagement,marr%Qed,pridmar~,nw@,B7z9\,ye,n,teWlep9honRe(,2,f1b,5J,,}21R,s,,snto
3/,mFnaemEn[t,,t{rXtiarqw,^on,,aknoM`,",",celluQ\KGar,,a,,,L,aqq,,Oy1s3
~,tecimia- ,sinE,erir],,799,/esb,Vge%,,`,,9S,|n8,1~,,,n
B,buecM_llaO,marri`ed,,,7#|h4,w6l,n,celula,1.,aa9iS,7'q1,61,I-10,,,n=R$o
2,technician,sin}),,,P4(!,+k!$,VoT,,15,ma,,,~,,,
&],manaemnt,singl,tertiFar\y,no,SK,mo,>Co,celular,,a,13^,'p,-51,FY,,nMes
o,entreprneur,Barrie,tertiary,W9,k0,S, h,celuly,11&,jul\,~2,@/,,v,,no
|kk,Dle-2colUa@r,,s>econ0dar,nZ%o,,,o,,,Y,929J,3,31C,z,,y2Fe
3gR1B,manageEent,marr(d,ertcar,xn o,607,no,,celulwr,,ai!,,,+-G,,,i
0s,man]agement,marri,tuertIy,no,}C16p,n,,cellular,p,3,o,4{,<+,,,
3L,management,sigl',tartiarX,;k,4'262,yes,Y,clluya,Zc1l9,SnLo,6Lk,],j-,,,no
33,adin.,s7|ngle,}e%co)nary,os',101,,>\o9,,<,Ey,u3?,qx,,0Q,,N
,Panagement,sin'gle,tti~ary,nV,0J,eX,n`o,cJe.lqul],(,"""m.y",P96,#,,y,,no
JR,blue-collar,0arrd,r^imaby,o,",2",es,:k7,,"b,",my`n^\,8L~4,/,Ig1,0,,
{4x,maGnag>qmen,,tmHrtiaryCM,ln,1'a,$,n,cIlrluar,G,oct,Vb1410,,-T@T,,,hK
@S,m*a!age3ent,sinLle,tertiary,2&oN,13=9,,no,,,FWat,b,lNg,1|y,^,,nNt
{u[,Sdm_j.,,5erti,+S,,bc4o_,nP,clr,O,oct,,xi,Z,0,,
rr,,d'vord,p.may,o,1840.,{Mo,,ce7llul]ar,,ju~,,2,L,d,7ailure,n
E,blu-collzar,tmaDrie,p.imay,o,612,keQs,"e,",cellulaUr,"!""",nov,3c3,p,V]:5,{~C,,dj
4],m\nzagbeYent,AsingBle,tetiary,no,",",W),nQd,,"S""",,49C6,3R,'1,,,
3,rmanagement,marri,tertiary,:n|,/492,],,9l:ulC,2+8,,,14,$,vPj,,nro
s[1,serviss,sinSgle,recondary,,,yyas,,,13,ma,{2U,,D%,,,;
,te8chDians,singK<e,"(s,condary",k,428O#,LIye,-nq,,30,(A,1IW7,,P1,}0*(,,^oI
!X,manLgYmnt,,tCiar,,1q532,7a,no,clul=xar,,a~cg,324,Z,-1,^],,ye2
[,mandagent,married,,noa,,ono>_S,i,,,:a,4hO8,2,>s,0m,,@
W,se3vices,marrie:d,sec1ndarU,_@,KK26,bysZ<,no,Icel4l]UlarI,2H,ju`,369,2,--91,,,"""nBt"
59,retiged,mrrqeO?,primary,So,Ps,y,a(,1tele`hne,.23p,oct,m27,M,M26,,success,2yq
,tejcnician,marr?ied,econ-aEry,no,5M7,[o,Zn<,0e7ular,,aug,459I,N2,,H/i,,o
,mtagemn,Z-Fred,tkiary,8Mo,"9""q",yiws`,n,celluar,1$6,jul,Ys0,x,,,,no
41,te!h3idia,marriemd,ertiaryt,_,r1rca,,RnoiR,,_,jd4I,g89,,l,,,n
c,admin.,snglJek,sZe68ndary,jnoh,w,p,>j,,`i#,3ma8y*5,.9,Oo6q,T,7o,,nU
>,t:chui5ian,sigl,scondary,nos,23r?/,,5f9,cellular,4#,a,,O,-,C,,G
%,bluIu-coYllarT,,s|condary,,0,5oyM,yes,,HGFr,Ajl,.109,'@,p1?,P0,,n5
,qRserv3ices,sinle,sJecondary,o,3331,tes[,n?o:,,/u28,F(U,&,PT,,I,,2]
,unemployed,i8gle,,o,Y4b,o,(,ceYula,@,BY',6y45,S1,:@,l$,,
5l9,unemp/oyed,arraId,pimary,,1A2,,no,+lular,#_,,,^,\(G-,s0,,o
i,eNntreprIneourn,arrid,trtaUry,nQo,V,IyCs,){,cllUuxla%,1!Y,noP,]ko,~,,o,,]Vn
,blue-collar,Q1sile,tertiark,n2o,3c',ye`,(\,,",}Q7",,"7`,j6",sn,K:,X0,,o?o
m5,bluecollaru,arrid,prima!ry,,,ano,-,ellblar,19,zaugFZ,D,2,A,A2,,bt
'S58,entrepr5neur,,seLcondary,&jo,Q,V,yes,ceJlSuY,(,u,56v,qb,)a,x0,,n<_%
a6,"Ahservic,;C",married,seodarT,`p~o,IL7,(o,6.o,9elulai,9,dec,Fy5,k3,-|,>,,Ses
3,dmin.,ingle,tertiary,G,+077,,y-,cllrl4ali,Wc1g,ockZB,L8,,751o,,o/r,}no
2,stude!t,igle,,l ,#4vDd*,n=,n!8,elluP&ar,2hcc,g,,2,-v1,~wT,,
uG,s>vic,singlve,seos^MaYy,nLo,2j',n~o,{,,6,u7n,$,1gT,-1,^,,lE
R,servirs,,secondary,|S,.c(F,5/o,,tfele7phon],A*,fe6bB,J420,q,|-1,0,,ye$
,housav\id,marnid,ramay,1h$,.3h,b,n,,6-,P,GF45,)ov,-1,"""",,no<
{54,mIa nKagemet,mzNQd,,t9o,i6,jUV,do,,E,may,}15B0,c,-1!,wb,,Nop3
MO-,.exnic)an,marrisd,seconda-ty,nC,-I,,no,ellu7ar,O,aug,BU,G;,-1,h_v,,
m72,b7ue-cllav,mazrBie,primary,,$07,es,Y,,,jun, J3,12x,g,0,,o
o,an0_\emDent,sng<le,tertiar,/o,S710,nfo,-n,,]@,j;l,11Lc9,1,-e,',,f
41,servies,si0ngle,sEcqondar,\o~,(FZ,c*jS,,,,w;,a204,xz,5IQ,0,,Ro
W#4q,mana2gement,marr3iSKyCd,Prtaay,{(,2I<,yes),h,,l7T,fep,x&,,--zr,,,Lo
bV5,tec@[ician,,te4tiay,Ho,285\,no,,cKl'ular,2-,!u,2fJ,,:1',>YZ,,tno
,O_managemen*;,singl',"t~ertKiar(,", @=o,1'o6,er,i,,19,n9v,L,X,W',],fail$!=e,$
,blue-col2aI,arri]:,,nGo,^,yx,o,,2e8,,:7,"""",D*B20,?,oter,doY
3x6,blu-Vt@ollajr,dvorced,segco=darky,,10bG2,ye,,cell<rar,,a7,M8,[,47Gfz,?z,Sail0Kre,A
,une~ployed,marZied,sec$bnay,S`o7,1#760x,]/,1J,celula03,W0:#,,1ld2x,1,-1,,,1n7z
3@,teciizan,si<ngle,tj-Bi3aryE,,1-M8,,+=,cellu\&a,J1,,,3K,-~,,,vo
(0,bl;e-coll r,$arWied,secondary,,326,y((-,ee,cell.ular,7,<}3l,n1\y,,A,<0,,no
4,,singl,teriary,oJ,"F,C",~,,cellular,G>G,Un:,:,1,-,J,,n
50,tecniian,m$ar^red,eoconda>y,,D2,SY!,Ba-,clut#,G,,,1,-1,g,,v
2,blue-collar,sOngle$,,n:,+15,_e+,e,.C|e3lulr,1}|,gGm,P21A,g4,3>12q,[,othe ,n\
pE-.,technc'in,married,.con]ar,wG,5618,,,,1k,+may,`h3,E,>G?'1,M,,to
39;:,bue-collPar,m>arried?,p# 9ary,-,Q,ye,hX,,,nov,@,,,"""0Q",,MZ) B
34,1blue-collar,mNrrrineAd,sxehcodry,,:t8:,ye,3To},,1]2,m.ay,37[,,1(,9{,,no
3,,nngl4e,T7ecoLdar2,noI,d1rg3`,,>K>no,cllua+,\1:8,jI4,,1,-I,3Q,,no
*2[,manpaement,sO'gl,>ecndary,n,,nGo?,|o,cellular,U8,p,283q3,g|,9c,1,,%nDo
,admin.,ari%e,,l,6Ly,,no,,7$20&,juG,,,o1,0,,o
,tAchnician,dire,s1ectndayU,r,5_,],yf,c9l\lul@5ar,2B,,Pq,CK3i,h1,@,,ob\
2/>6,rblue-coglla|,sikge,primary,On7,,+,n],,g,Y6m,46,n1,!, ,,`;o
d2,Mretired,WaCrried,primary,no,>,`,e,te91pon-,,,!,1,AE,o,,no
29,ma8nage[%nt,marrid,tertiry,L,QWG,yes_,n ,eluLr,3,rsg,17J9,~a$,:1,B|,,=om
 5y,servicesE,"maBried""",sccond<ry,no,74@,no,,,19,un,,<h,\*1,l,,"""s.^"
4$,blue-o>9lar,2ingl],e>ond6ark,-,3Z,Vo,no,@clular, 8[8X,ju,1U },s3,-1x,m0,,F
+$6,,maried,pimary,ro,,nt,"""q",celular,{m,jvu,124,o`,k$4,],!3ire,n\+
5|p,e\hni_6ian,2QvrorcDed,econdry,ngo,204,no,enfh,plluKlar,_+z,aum(,13A4,,,,,
v36,mZnagLkJent,i[nl5e,tertiary,no,23WwS,,noK5,cllular,5,Rn,D,,m1,,,$
5*0,servcs,marred,s6odrO,",",,y?es,/e,,:,Dy,S/a,HIP,-rN,,,NG
I3,,divorced,{sconbdY5y,0, 935?[8,yes,no,<6c\e~lular,6z5,3tf,F%2l9,3Z,`,HC,,
3`2,blue-colla,maUrlod,7pimayY,3,DUY1A~,,,teljbphone,C,uRul,5y,19,W-/s,~C,,ny?#
5F2,bluSollar,marrM&d,,nBf,382,!,yes,celulap,t2D=,a6uTX,A,YWp,-K,T,,no
5b,maagment,si7gl<we,tgr{giary,V=,172w,)Q,no,cellular,52,r,b3_3B,sf,,X,,W
;=,tVeyhniciaD,m;a7r{]ed,triary,nAK#o,856D,T?e,nDo,selflulUr^,*,feb7,VJ,2m,,l,,o
e81,Qlur&-$olar,.malrrieJ,,no,4497,yes,on@b,,*' ),ma6?[,276,-,-1I,),,*[v9
_3%,s#lf-/!ployed,singl9e,teqrGtiar,2no,D(3,|B,Zo,*jclularb,?,se,f,j,9h,,3ccess,p?yes
u,retire,mEaXd,p.imnrE,>no,U`2,n,"n""o",cFeluJlaCr,O2,",",148g,\,&,u,,JQes9d
7,|retired,arred,primryR,%{,n9;2,,t,c llular,,,4XQ,gj2,,_ /0,,u
/45;,tehnHcian,arrRd,"""terti[ry",,11m,no,no',cellular,f6EV,dJc(,Td4P,,D1oH4,",",therr,ng
v56,,mareied,",W{rtiarby",n2o,93J,y,Dno,cellum,,5:,,Y,17z,C,flYur,F'n*
A3,blue-owllar,~HarriU'd,^p>XmGry,Hy7es,z6,Jo,,celular,2s97,n,0B,E J,,0,,Ry}s*
3,wlu)e-collar,m&aGiVd,seondary,,7973CG,",e",],cel@Qlular,4V,mE`y,j.1W0,2:st,O,20/>,,'n
2,ma55ageeQt,Tarrie8,trtAiary,no,-b0,,Dns,(lular,4~,feb,9\&9,1,y-1,,,ye1
3)2,techniiad,-Nsingl,,7n::N,"74,",yeDI,syes,cellwlr,+5,0)apG,H9,,n1,L,failur},no
s,mn_algeTent,maried,scozdar:y,l,27,yes,oN,cellul-ar,24,|\l,Y]T*w,I:,,>snW,,T$#
U1,tcnic-anV*,m[aroid,seconary,Dy[|Io,v49,"nk,R;",yes,VceHllular,27,.PZ,f4`I{,1,,0,,n>ov
,admn,rGke4,scond=riy, %oS,851 4,yeO,],,,,286C,r,z,,,T
"6""",,9marrriLed&,Hpri(ay,noI, ,,N,cellular,M;a,aug,p28,,)-1,3J,,
45P,admi)n.,marri'1ed,Ze[onKar,f,1%P4,yJs?,b,,!x2,xv~,l!1mZ8,,P-/,Aqq,,Fwo/
)W$-,houymayd,mWsried,secndar,">""o",3923,,o,,1(4,EaO,9(X2,g,U-d,,,lt
 &8,bl_ue-collar,marriB/ed,srcodary,`no,g4g0mPv,erN,anho,,*e4,,m9Q,m,D1+,V,,
x,ad-in.,mBrried,secozdaory,?HB',,yef,yLIes,,rAr!5,CV,sq7F,%1,v,"Z8,",,no
39=f,~blue-cFlr,marie.,primar,c,6EG8,"y"";""s",nC-e,, ,u,~,"D ,u",^-1,,,;#noO
,sluden,|siegl,,n,v#v2,nrI,,,,|,F7=,Rm3,|-1,,,oT
c,te\chnican,,scondary,:s,1!G0m,e,n3Y,,5,ma-y,$37,r\,Ox,8C,,no
D^hc,"tehqi""ian",di;vorce-:d,secondary,1yo,<,nRJ,no\`D,ce{qlluyar,!0,>aug,l1;v1,j,2<,,,ngw
3:sz,bluxeKK~eollar,snglE,,e,H228,%un,f,cellul0r,,~f_b,4O-,U,365,,,$x
,blue|olar,aarYied,primur;y,bz#,F,-%es!,>n,,6yb,May,sin7,,,,,;n;
>,unemphoyed,mawe,]econaCFy,P.o,7x9,ye,Qo,,,j,i,7,C;1,D,,n]j
244,luL-c<oFlar,Msi'n=gl,seconar\,Cno,0a?,ye#,A,,1cr,m y,j,"""",-1,p,,no
F, anagement,marrie0,,no,G9,z,Ev,fcellulaK,,,Y71,hK,_,F\,,SSy
J2,stud'jent,sizngle,se\cnakry,no,17~4,,no\1,,,au.,_-f,gt,-h,g803,,f
1e,"maba,gemnt",mrried,e/+tiarfy,T\,r,Zyes,Gno,cellular,,&j%ua5,>,&92,bU,-,,KH~
,manageent,,terti^ary,o>:o,4578#,\k,nko,cellular,3),]nG,L200,$gZS,-1,$,,I
e2-,blue-collar,di3orced,irimarp,,7Y6,e7,xo,cellular,b,ov,a~5,D2,-1LyO,W,,nP
,t4chZncan,marrK%Zed,s|ondarySL,",",T-A,yes,n,celular,E,m,8H,,-1,<,,n*k8I
